{"PREVALENCE_BY_GENDER_AGE_YEAR":{"TRELLIS_NAME":["60-69","80-89","90-99","20-29","90-99","70-79","80-89","90-99","60-69","80-89","70-79","70-79","70-79","60-69","40-49"],"SERIES_NAME":["MALE","MALE","MALE","FEMALE","MALE","FEMALE","MALE","FEMALE","FEMALE","FEMALE","MALE","FEMALE","MALE","FEMALE","FEMALE"],"X_CALENDAR_YEAR":[2008,2008,2008,2008,2009,2009,2009,2009,2009,2009,2009,2010,2010,2010,2010],"Y_PREVALENCE_1000PP":[13.33333,24.09639,100,333.33333,71.42857,12.42236,11.11111,24.39024,10.10101,27.97203,11.17318,12.98701,5.43478,12.19512,71.42857]},"PREVALENCE_BY_MONTH":{"X_CALENDAR_MONTH":"200901","Y_PREVALENCE_1000PP":2.08768},"LENGTH_OF_ERA":{"CATEGORY":"Length of era","MIN_VALUE":0,"P10_VALUE":0,"P25_VALUE":0,"MEDIAN_VALUE":0,"P75_VALUE":0,"P90_VALUE":0,"MAX_VALUE":0},"AGE_AT_FIRST_DIAGNOSIS":{"CATEGORY":["MALE","FEMALE"],"MIN_VALUE":[65,29],"P10_VALUE":[65,29],"P25_VALUE":[66,66],"MEDIAN_VALUE":[78,76],"P75_VALUE":[82,84],"P90_VALUE":[95,89],"MAX_VALUE":[97,90]}}
