{"PREVALENCE_BY_GENDER_AGE_YEAR":{"TRELLIS_NAME":["80-89","90-99","70-79","70-79","40-49","50-59","80-89","90-99"],"SERIES_NAME":["FEMALE","MALE","MALE","FEMALE","MALE","MALE","FEMALE","FEMALE"],"X_CALENDAR_YEAR":[2008,2008,2008,2009,2009,2009,2010,2010],"Y_PREVALENCE_1000PP":[13.69863,100,11.76471,6.21118,41.66667,57.14286,6.99301,19.23077]},"PREVALENCE_BY_MONTH":{"X_CALENDAR_MONTH":"200901","Y_PREVALENCE_1000PP":1.04384},"LENGTH_OF_ERA":{"CATEGORY":"Length of era","MIN_VALUE":0,"P10_VALUE":0,"P25_VALUE":0,"MEDIAN_VALUE":0,"P75_VALUE":0,"P90_VALUE":0,"MAX_VALUE":3},"AGE_AT_FIRST_DIAGNOSIS":{"CATEGORY":["MALE","FEMALE"],"MIN_VALUE":[43,74],"P10_VALUE":[-9999,-9999],"P25_VALUE":[43,74],"MEDIAN_VALUE":[58,85],"P75_VALUE":[77,88],"P90_VALUE":[97,91],"MAX_VALUE":[97,91]}}
