{"PREVALENCE_BY_GENDER_AGE_YEAR":{"TRELLIS_NAME":["60-69","80-89","70-79","60-69","90-99","70-79"],"SERIES_NAME":["FEMALE","FEMALE","MALE","FEMALE","FEMALE","MALE"],"X_CALENDAR_YEAR":[2008,2009,2009,2010,2010,2010],"Y_PREVALENCE_1000PP":[8.84956,13.98601,16.75978,12.19512,19.23077,10.86957]},"PREVALENCE_BY_MONTH":{"X_CALENDAR_MONTH":"200901","Y_PREVALENCE_1000PP":1.04384},"LENGTH_OF_ERA":{"CATEGORY":"Length of era","MIN_VALUE":0,"P10_VALUE":0,"P25_VALUE":0,"MEDIAN_VALUE":0,"P75_VALUE":2,"P90_VALUE":2,"MAX_VALUE":3},"AGE_AT_FIRST_DIAGNOSIS":{"CATEGORY":["MALE","FEMALE"],"MIN_VALUE":[75,65],"P10_VALUE":[-9999,-9999],"P25_VALUE":[75,65],"MEDIAN_VALUE":[78,80],"P75_VALUE":[79,84],"P90_VALUE":[79,97],"MAX_VALUE":[79,97]}}
