{"PREVALENCE_BY_GENDER_AGE_YEAR":{"TRELLIS_NAME":["90-99","80-89","60-69","80-89"],"SERIES_NAME":["FEMALE","FEMALE","FEMALE","MALE"],"X_CALENDAR_YEAR":[2008,2009,2009,2010],"Y_PREVALENCE_1000PP":[38.46154,6.99301,10.10101,11.23596]},"PREVALENCE_BY_MONTH":{"X_CALENDAR_MONTH":[],"Y_PREVALENCE_1000PP":[]},"LENGTH_OF_ERA":{"CATEGORY":"Length of era","MIN_VALUE":0,"P10_VALUE":-9999,"P25_VALUE":0,"MEDIAN_VALUE":0,"P75_VALUE":0,"P90_VALUE":0,"MAX_VALUE":0},"AGE_AT_FIRST_DIAGNOSIS":{"CATEGORY":["MALE","FEMALE"],"MIN_VALUE":[82,67],"P10_VALUE":[-9999,-9999],"P25_VALUE":[-9999,67],"MEDIAN_VALUE":[82,89],"P75_VALUE":[82,94],"P90_VALUE":[82,94],"MAX_VALUE":[82,94]}}
