{"PREVALENCE_BY_GENDER_AGE_YEAR":{"TRELLIS_NAME":["60-69","90-99","70-79","70-79","90-99","40-49","80-89","70-79"],"SERIES_NAME":["MALE","FEMALE","MALE","MALE","FEMALE","MALE","MALE","FEMALE"],"X_CALENDAR_YEAR":[2008,2008,2008,2009,2009,2009,2009,2010],"Y_PREVALENCE_1000PP":[6.66667,38.46154,17.64706,16.75978,24.39024,41.66667,11.11111,12.98701]},"PREVALENCE_BY_MONTH":{"X_CALENDAR_MONTH":[],"Y_PREVALENCE_1000PP":[]},"LENGTH_OF_ERA":{"CATEGORY":"Length of era","MIN_VALUE":0,"P10_VALUE":0,"P25_VALUE":0,"MEDIAN_VALUE":0,"P75_VALUE":0,"P90_VALUE":0,"MAX_VALUE":0},"AGE_AT_FIRST_DIAGNOSIS":{"CATEGORY":["MALE","FEMALE"],"MIN_VALUE":[48,72],"P10_VALUE":[48,-9999],"P25_VALUE":[64,72],"MEDIAN_VALUE":[73,74],"P75_VALUE":[74,93],"P90_VALUE":[82,94],"MAX_VALUE":[82,94]}}
