{"PREVALENCE_BY_GENDER_AGE_YEAR":{"TRELLIS_NAME":["70-79","80-89"],"SERIES_NAME":["MALE","FEMALE"],"X_CALENDAR_YEAR":[2008,2009],"Y_PREVALENCE_1000PP":[5.88235,6.99301]},"PREVALENCE_BY_MONTH":{"X_CALENDAR_MONTH":"200801","Y_PREVALENCE_1000PP":1.02775},"LENGTH_OF_ERA":{"CATEGORY":"Length of era","MIN_VALUE":0,"P10_VALUE":-9999,"P25_VALUE":-9999,"MEDIAN_VALUE":0,"P75_VALUE":0,"P90_VALUE":0,"MAX_VALUE":0},"AGE_AT_FIRST_DIAGNOSIS":{"CATEGORY":["MALE","FEMALE"],"MIN_VALUE":[76,89],"P10_VALUE":[-9999,-9999],"P25_VALUE":[-9999,-9999],"MEDIAN_VALUE":[76,89],"P75_VALUE":[76,89],"P90_VALUE":[76,89],"MAX_VALUE":[76,89]}}
