{"PREVALENCE_BY_GENDER_AGE_YEAR":{"TRELLIS_NAME":["60-69","70-79","70-79","40-49","70-79","80-89","80-89","20-29"],"SERIES_NAME":["FEMALE","FEMALE","FEMALE","MALE","MALE","MALE","FEMALE","MALE"],"X_CALENDAR_YEAR":[2008,2008,2009,2009,2009,2009,2010,2010],"Y_PREVALENCE_1000PP":[8.84956,6.36943,18.63354,41.66667,5.58659,11.11111,6.99301,200]},"PREVALENCE_BY_MONTH":{"X_CALENDAR_MONTH":"200901","Y_PREVALENCE_1000PP":1.04384},"LENGTH_OF_ERA":{"CATEGORY":"Length of era","MIN_VALUE":0,"P10_VALUE":0,"P25_VALUE":0,"MEDIAN_VALUE":0,"P75_VALUE":4,"P90_VALUE":4,"MAX_VALUE":20},"AGE_AT_FIRST_DIAGNOSIS":{"CATEGORY":["MALE","FEMALE"],"MIN_VALUE":[29,66],"P10_VALUE":[-9999,-9999],"P25_VALUE":[29,66],"MEDIAN_VALUE":[41,71],"P75_VALUE":[77,74],"P90_VALUE":[87,89],"MAX_VALUE":[87,89]}}
