{"PREVALENCE_BY_GENDER_AGE_YEAR":{"TRELLIS_NAME":["80-89","70-79","70-79","60-69","60-69","80-89"],"SERIES_NAME":["MALE","FEMALE","MALE","MALE","FEMALE","FEMALE"],"X_CALENDAR_YEAR":[2008,2008,2008,2008,2009,2010],"Y_PREVALENCE_1000PP":[12.04819,25.47771,5.88235,6.66667,20.20202,6.99301]},"PREVALENCE_BY_MONTH":{"X_CALENDAR_MONTH":[],"Y_PREVALENCE_1000PP":[]},"LENGTH_OF_ERA":{"CATEGORY":"Length of era","MIN_VALUE":0,"P10_VALUE":0,"P25_VALUE":0,"MEDIAN_VALUE":0,"P75_VALUE":0,"P90_VALUE":0,"MAX_VALUE":0},"AGE_AT_FIRST_DIAGNOSIS":{"CATEGORY":["MALE","FEMALE"],"MIN_VALUE":[69,66],"P10_VALUE":[-9999,-9999],"P25_VALUE":[69,68],"MEDIAN_VALUE":[70,73],"P75_VALUE":[87,78],"P90_VALUE":[87,81],"MAX_VALUE":[87,81]}}
