{"PREVALENCE_BY_GENDER_AGE_YEAR":{"TRELLIS_NAME":["80-89","60-69","80-89","80-89"],"SERIES_NAME":["MALE","MALE","MALE","FEMALE"],"X_CALENDAR_YEAR":[2008,2008,2009,2009],"Y_PREVALENCE_1000PP":[12.04819,6.66667,11.11111,6.99301]},"PREVALENCE_BY_MONTH":{"X_CALENDAR_MONTH":"200901","Y_PREVALENCE_1000PP":1.04384},"LENGTH_OF_ERA":{"CATEGORY":"Length of era","MIN_VALUE":0,"P10_VALUE":-9999,"P25_VALUE":0,"MEDIAN_VALUE":0,"P75_VALUE":0,"P90_VALUE":0,"MAX_VALUE":0},"AGE_AT_FIRST_DIAGNOSIS":{"CATEGORY":["MALE","FEMALE"],"MIN_VALUE":[65,87],"P10_VALUE":[-9999,-9999],"P25_VALUE":[65,-9999],"MEDIAN_VALUE":[83,87],"P75_VALUE":[87,87],"P90_VALUE":[87,87],"MAX_VALUE":[87,87]}}
