{"PREVALENCE_BY_GENDER_AGE_YEAR":{"TRELLIS_NAME":["70-79","50-59"],"SERIES_NAME":["MALE","FEMALE"],"X_CALENDAR_YEAR":[2009,2010],"Y_PREVALENCE_1000PP":[5.58659,71.42857]},"PREVALENCE_BY_MONTH":{"X_CALENDAR_MONTH":[],"Y_PREVALENCE_1000PP":[]},"LENGTH_OF_ERA":{"CATEGORY":"Length of era","MIN_VALUE":0,"P10_VALUE":-9999,"P25_VALUE":-9999,"MEDIAN_VALUE":0,"P75_VALUE":0,"P90_VALUE":0,"MAX_VALUE":0},"AGE_AT_FIRST_DIAGNOSIS":{"CATEGORY":["MALE","FEMALE"],"MIN_VALUE":[79,50],"P10_VALUE":[-9999,-9999],"P25_VALUE":[-9999,-9999],"MEDIAN_VALUE":[79,50],"P75_VALUE":[79,50],"P90_VALUE":[79,50],"MAX_VALUE":[79,50]}}
