{"PREVALENCE_BY_GENDER_AGE_YEAR":{"TRELLIS_NAME":["70-79","70-79","60-69","90-99","90-99","80-89","70-79","30-39","80-89","70-79","60-69","50-59","40-49","60-69","90-99","70-79"],"SERIES_NAME":["MALE","FEMALE","MALE","FEMALE","FEMALE","MALE","FEMALE","MALE","FEMALE","MALE","FEMALE","MALE","FEMALE","MALE","MALE","MALE"],"X_CALENDAR_YEAR":[2008,2008,2008,2008,2009,2009,2009,2009,2009,2009,2009,2009,2010,2010,2010,2010],"Y_PREVALENCE_1000PP":[23.52941,19.10828,6.66667,38.46154,24.39024,22.22222,12.42236,333.33333,13.98601,16.75978,20.20202,28.57143,71.42857,9.90099,45.45455,5.43478]},"PREVALENCE_BY_MONTH":{"X_CALENDAR_MONTH":["200901","201001"],"Y_PREVALENCE_1000PP":[1.04384,1.07527]},"LENGTH_OF_ERA":{"CATEGORY":"Length of era","MIN_VALUE":0,"P10_VALUE":0,"P25_VALUE":0,"MEDIAN_VALUE":0,"P75_VALUE":0,"P90_VALUE":9,"MAX_VALUE":9},"AGE_AT_FIRST_DIAGNOSIS":{"CATEGORY":["MALE","FEMALE"],"MIN_VALUE":[31,41],"P10_VALUE":[31,41],"P25_VALUE":[67,69],"MEDIAN_VALUE":[76,76],"P75_VALUE":[78,83],"P90_VALUE":[86,93],"MAX_VALUE":[90,96]}}
