{"PREVALENCE_BY_GENDER_AGE_YEAR":{"TRELLIS_NAME":["50-59","70-79","80-89","80-89","30-39","60-69","70-79","50-59","80-89","60-69","70-79","90-99","90-99","70-79","70-79","40-49"],"SERIES_NAME":["MALE","FEMALE","MALE","FEMALE","MALE","FEMALE","FEMALE","MALE","MALE","MALE","MALE","MALE","FEMALE","MALE","FEMALE","FEMALE"],"X_CALENDAR_YEAR":[2008,2008,2008,2008,2008,2008,2009,2009,2009,2009,2009,2010,2010,2010,2010,2010],"Y_PREVALENCE_1000PP":[57.14286,6.36943,24.09639,20.54795,100,17.69912,18.63354,28.57143,11.11111,16.80672,5.58659,90.90909,19.23077,10.86957,12.98701,71.42857]},"PREVALENCE_BY_MONTH":{"X_CALENDAR_MONTH":["200901","201001"],"Y_PREVALENCE_1000PP":[1.04384,2.15054]},"LENGTH_OF_ERA":{"CATEGORY":"Length of era","MIN_VALUE":0,"P10_VALUE":0,"P25_VALUE":0,"MEDIAN_VALUE":0,"P75_VALUE":0,"P90_VALUE":0,"MAX_VALUE":2},"AGE_AT_FIRST_DIAGNOSIS":{"CATEGORY":["MALE","FEMALE"],"MIN_VALUE":[35,48],"P10_VALUE":[35,48],"P25_VALUE":[56,66],"MEDIAN_VALUE":[73,75],"P75_VALUE":[86,83],"P90_VALUE":[90,87],"MAX_VALUE":[90,94]}}
