{"PREVALENCE_BY_GENDER_AGE_YEAR":{"TRELLIS_NAME":["60-69","80-89","80-89","90-99","70-79","70-79","30-39","60-69","70-79","60-69","80-89","70-79","50-59","60-69","80-89","30-39","90-99","70-79","70-79"],"SERIES_NAME":["FEMALE","FEMALE","MALE","FEMALE","MALE","FEMALE","FEMALE","MALE","FEMALE","FEMALE","FEMALE","MALE","FEMALE","MALE","MALE","FEMALE","FEMALE","FEMALE","MALE"],"X_CALENDAR_YEAR":[2008,2008,2008,2008,2008,2008,2008,2008,2009,2009,2009,2009,2009,2009,2009,2010,2010,2010,2010],"Y_PREVALENCE_1000PP":[8.84956,13.69863,12.04819,38.46154,11.76471,6.36943,125,6.66667,6.21118,40.40404,20.97902,16.75978,71.42857,16.80672,22.22222,142.85714,38.46154,12.98701,16.30435]},"PREVALENCE_BY_MONTH":{"X_CALENDAR_MONTH":["200901","201001"],"Y_PREVALENCE_1000PP":[2.08768,1.07527]},"LENGTH_OF_ERA":{"CATEGORY":"Length of era","MIN_VALUE":0,"P10_VALUE":0,"P25_VALUE":0,"MEDIAN_VALUE":0,"P75_VALUE":0,"P90_VALUE":0,"MAX_VALUE":0},"AGE_AT_FIRST_DIAGNOSIS":{"CATEGORY":["MALE","FEMALE"],"MIN_VALUE":[65,35],"P10_VALUE":[65,36],"P25_VALUE":[69,65],"MEDIAN_VALUE":[75,75],"P75_VALUE":[79,84],"P90_VALUE":[88,91],"MAX_VALUE":[89,98]}}
