{"PREVALENCE_BY_GENDER_AGE_YEAR":{"TRELLIS_NAME":["70-79","60-69","80-89","60-69","70-79","60-69","80-89","60-69","70-79","90-99","60-69","60-69","80-89"],"SERIES_NAME":["FEMALE","FEMALE","MALE","MALE","MALE","MALE","MALE","FEMALE","FEMALE","MALE","MALE","FEMALE","MALE"],"X_CALENDAR_YEAR":[2008,2008,2008,2008,2009,2009,2009,2009,2010,2010,2010,2010,2010],"Y_PREVALENCE_1000PP":[25.47771,8.84956,12.04819,6.66667,11.17318,8.40336,22.22222,10.10101,12.98701,45.45455,9.90099,12.19512,11.23596]},"PREVALENCE_BY_MONTH":{"X_CALENDAR_MONTH":"201001","Y_PREVALENCE_1000PP":2.15054},"LENGTH_OF_ERA":{"CATEGORY":"Length of era","MIN_VALUE":0,"P10_VALUE":0,"P25_VALUE":0,"MEDIAN_VALUE":0,"P75_VALUE":0,"P90_VALUE":4,"MAX_VALUE":7},"AGE_AT_FIRST_DIAGNOSIS":{"CATEGORY":["MALE","FEMALE"],"MIN_VALUE":[66,67],"P10_VALUE":[66,-9999],"P25_VALUE":[67,68],"MEDIAN_VALUE":[76,72],"P75_VALUE":[83,74],"P90_VALUE":[90,75],"MAX_VALUE":[90,75]}}
