{"PREVALENCE_BY_GENDER_AGE_YEAR":{"TRELLIS_NAME":["50-59","80-89","70-79","60-69","70-79","50-59","80-89","60-69","70-79","60-69","80-89","70-79","90-99","60-69","50-59","70-79","30-39","50-59","80-89","60-69"],"SERIES_NAME":["MALE","FEMALE","MALE","MALE","FEMALE","FEMALE","FEMALE","FEMALE","MALE","MALE","MALE","FEMALE","FEMALE","MALE","FEMALE","MALE","MALE","MALE","MALE","FEMALE"],"X_CALENDAR_YEAR":[2008,2008,2008,2008,2009,2009,2009,2009,2009,2009,2009,2010,2010,2010,2010,2010,2010,2010,2010,2010],"Y_PREVALENCE_1000PP":[28.57143,6.84932,23.52941,26.66667,12.42236,71.42857,48.95105,10.10101,5.58659,25.21008,22.22222,6.49351,19.23077,9.90099,71.42857,5.43478,142.85714,31.25,56.17978,12.19512]},"PREVALENCE_BY_MONTH":{"X_CALENDAR_MONTH":"200901","Y_PREVALENCE_1000PP":3.13152},"LENGTH_OF_ERA":{"CATEGORY":"Length of era","MIN_VALUE":0,"P10_VALUE":0,"P25_VALUE":0,"MEDIAN_VALUE":0,"P75_VALUE":4,"P90_VALUE":13,"MAX_VALUE":21},"AGE_AT_FIRST_DIAGNOSIS":{"CATEGORY":["MALE","FEMALE"],"MIN_VALUE":[37,50],"P10_VALUE":[55,50],"P25_VALUE":[64,66],"MEDIAN_VALUE":[70,81],"P75_VALUE":[81,86],"P90_VALUE":[86,89],"MAX_VALUE":[89,90]}}
