{"PREVALENCE_BY_GENDER_AGE_YEAR":{"TRELLIS_NAME":["60-69","70-79","50-59","70-79","90-99","50-59","70-79"],"SERIES_NAME":["MALE","FEMALE","MALE","MALE","FEMALE","FEMALE","MALE"],"X_CALENDAR_YEAR":[2008,2008,2008,2008,2009,2009,2009],"Y_PREVALENCE_1000PP":[6.66667,6.36943,28.57143,17.64706,24.39024,71.42857,16.75978]},"PREVALENCE_BY_MONTH":{"X_CALENDAR_MONTH":[],"Y_PREVALENCE_1000PP":[]},"LENGTH_OF_ERA":{"CATEGORY":"Length of era","MIN_VALUE":0,"P10_VALUE":0,"P25_VALUE":0,"MEDIAN_VALUE":0,"P75_VALUE":0,"P90_VALUE":0,"MAX_VALUE":0},"AGE_AT_FIRST_DIAGNOSIS":{"CATEGORY":["MALE","FEMALE"],"MIN_VALUE":[51,58],"P10_VALUE":[-9999,-9999],"P25_VALUE":[69,58],"MEDIAN_VALUE":[74,72],"P75_VALUE":[76,90],"P90_VALUE":[78,90],"MAX_VALUE":[78,90]}}
