{"PREVALENCE_BY_GENDER_AGE_YEAR":{"TRELLIS_NAME":["60-69","90-99","20-29","50-59"],"SERIES_NAME":["FEMALE","FEMALE","FEMALE","MALE"],"X_CALENDAR_YEAR":[2008,2009,2009,2010],"Y_PREVALENCE_1000PP":[8.84956,24.39024,500,31.25]},"PREVALENCE_BY_MONTH":{"X_CALENDAR_MONTH":"200901","Y_PREVALENCE_1000PP":1.04384},"LENGTH_OF_ERA":{"CATEGORY":"Length of era","MIN_VALUE":0,"P10_VALUE":-9999,"P25_VALUE":0,"MEDIAN_VALUE":0,"P75_VALUE":0,"P90_VALUE":0,"MAX_VALUE":0},"AGE_AT_FIRST_DIAGNOSIS":{"CATEGORY":["MALE","FEMALE"],"MIN_VALUE":[53,29],"P10_VALUE":[-9999,-9999],"P25_VALUE":[-9999,29],"MEDIAN_VALUE":[53,63],"P75_VALUE":[53,90],"P90_VALUE":[53,90],"MAX_VALUE":[53,90]}}
