{"PREVALENCE_BY_GENDER_AGE_YEAR":{"TRELLIS_NAME":["70-79","80-89","80-89","70-79","60-69","90-99","80-89","60-69","40-49","50-59","60-69","70-79","50-59"],"SERIES_NAME":["FEMALE","MALE","FEMALE","MALE","MALE","FEMALE","MALE","MALE","FEMALE","FEMALE","FEMALE","MALE","MALE"],"X_CALENDAR_YEAR":[2008,2008,2008,2008,2008,2009,2009,2009,2009,2010,2010,2010,2010],"Y_PREVALENCE_1000PP":[6.36943,24.09639,13.69863,5.88235,6.66667,24.39024,11.11111,25.21008,71.42857,71.42857,24.39024,5.43478,31.25]},"PREVALENCE_BY_MONTH":{"X_CALENDAR_MONTH":["200901","201001"],"Y_PREVALENCE_1000PP":[1.04384,1.07527]},"LENGTH_OF_ERA":{"CATEGORY":"Length of era","MIN_VALUE":0,"P10_VALUE":0,"P25_VALUE":0,"MEDIAN_VALUE":0,"P75_VALUE":0,"P90_VALUE":0,"MAX_VALUE":0},"AGE_AT_FIRST_DIAGNOSIS":{"CATEGORY":["MALE","FEMALE"],"MIN_VALUE":[52,42],"P10_VALUE":[52,-9999],"P25_VALUE":[66,51],"MEDIAN_VALUE":[69,69],"P75_VALUE":[79,81],"P90_VALUE":[88,95],"MAX_VALUE":[88,95]}}
