{"PREVALENCE_BY_GENDER_AGE_YEAR":{"TRELLIS_NAME":["90-99","50-59","70-79","40-49","60-69","70-79","60-69"],"SERIES_NAME":["FEMALE","MALE","MALE","MALE","MALE","MALE","MALE"],"X_CALENDAR_YEAR":[2008,2008,2008,2008,2009,2010,2010],"Y_PREVALENCE_1000PP":[38.46154,28.57143,5.88235,41.66667,8.40336,5.43478,9.90099]},"PREVALENCE_BY_MONTH":{"X_CALENDAR_MONTH":[],"Y_PREVALENCE_1000PP":[]},"LENGTH_OF_ERA":{"CATEGORY":"Length of era","MIN_VALUE":0,"P10_VALUE":-9999,"P25_VALUE":0,"MEDIAN_VALUE":0,"P75_VALUE":0,"P90_VALUE":2,"MAX_VALUE":2},"AGE_AT_FIRST_DIAGNOSIS":{"CATEGORY":["MALE","FEMALE"],"MIN_VALUE":[47,95],"P10_VALUE":[-9999,-9999],"P25_VALUE":[47,-9999],"MEDIAN_VALUE":[66,95],"P75_VALUE":[76,95],"P90_VALUE":[78,95],"MAX_VALUE":[78,95]}}
