{"PREVALENCE_BY_GENDER_AGE_YEAR":{"TRELLIS_NAME":["70-79","70-79","60-69","40-49","60-69","70-79"],"SERIES_NAME":["FEMALE","FEMALE","FEMALE","MALE","MALE","FEMALE"],"X_CALENDAR_YEAR":[2008,2009,2010,2010,2010,2010],"Y_PREVALENCE_1000PP":[6.36943,6.21118,12.19512,50,9.90099,12.98701]},"PREVALENCE_BY_MONTH":{"X_CALENDAR_MONTH":"201001","Y_PREVALENCE_1000PP":2.15054},"LENGTH_OF_ERA":{"CATEGORY":"Length of era","MIN_VALUE":0,"P10_VALUE":-9999,"P25_VALUE":0,"MEDIAN_VALUE":0,"P75_VALUE":0,"P90_VALUE":2,"MAX_VALUE":2},"AGE_AT_FIRST_DIAGNOSIS":{"CATEGORY":["MALE","FEMALE"],"MIN_VALUE":[47,69],"P10_VALUE":[-9999,-9999],"P25_VALUE":[-9999,69],"MEDIAN_VALUE":[47,73],"P75_VALUE":[69,75],"P90_VALUE":[69,77],"MAX_VALUE":[69,77]}}
