{"PREVALENCE_BY_GENDER_AGE_YEAR":{"TRELLIS_NAME":["60-69","80-89","50-59","80-89","40-49","60-69","70-79","60-69","80-89","70-79","70-79","60-69","80-89"],"SERIES_NAME":["MALE","FEMALE","MALE","MALE","FEMALE","MALE","FEMALE","FEMALE","FEMALE","MALE","MALE","FEMALE","FEMALE"],"X_CALENDAR_YEAR":[2008,2008,2008,2008,2008,2009,2009,2009,2009,2009,2010,2010,2010],"Y_PREVALENCE_1000PP":[6.66667,6.84932,28.57143,12.04819,66.66667,8.40336,6.21118,20.20202,13.98601,5.58659,5.43478,12.19512,6.99301]},"PREVALENCE_BY_MONTH":{"X_CALENDAR_MONTH":"200901","Y_PREVALENCE_1000PP":1.04384},"LENGTH_OF_ERA":{"CATEGORY":"Length of era","MIN_VALUE":0,"P10_VALUE":0,"P25_VALUE":0,"MEDIAN_VALUE":0,"P75_VALUE":0,"P90_VALUE":0,"MAX_VALUE":0},"AGE_AT_FIRST_DIAGNOSIS":{"CATEGORY":["MALE","FEMALE"],"MIN_VALUE":[57,49],"P10_VALUE":[-9999,49],"P25_VALUE":[57,60],"MEDIAN_VALUE":[68,74],"P75_VALUE":[77,87],"P90_VALUE":[81,89],"MAX_VALUE":[81,89]}}
