{"PREVALENCE_BY_GENDER_AGE_YEAR":{"TRELLIS_NAME":["60-69","50-59","80-89","80-89"],"SERIES_NAME":["MALE","MALE","FEMALE","MALE"],"X_CALENDAR_YEAR":[2009,2009,2010,2010],"Y_PREVALENCE_1000PP":[8.40336,28.57143,6.99301,11.23596]},"PREVALENCE_BY_MONTH":{"X_CALENDAR_MONTH":[],"Y_PREVALENCE_1000PP":[]},"LENGTH_OF_ERA":{"CATEGORY":"Length of era","MIN_VALUE":0,"P10_VALUE":-9999,"P25_VALUE":0,"MEDIAN_VALUE":0,"P75_VALUE":0,"P90_VALUE":0,"MAX_VALUE":0},"AGE_AT_FIRST_DIAGNOSIS":{"CATEGORY":["MALE","FEMALE"],"MIN_VALUE":[56,81],"P10_VALUE":[-9999,-9999],"P25_VALUE":[56,-9999],"MEDIAN_VALUE":[65,81],"P75_VALUE":[84,81],"P90_VALUE":[84,81],"MAX_VALUE":[84,81]}}
