{"PREVALENCE_BY_GENDER_AGE_YEAR":{"TRELLIS_NAME":["80-89","90-99","40-49","60-69"],"SERIES_NAME":["FEMALE","MALE","MALE","MALE"],"X_CALENDAR_YEAR":[2008,2008,2009,2009],"Y_PREVALENCE_1000PP":[6.84932,100,41.66667,8.40336]},"PREVALENCE_BY_MONTH":{"X_CALENDAR_MONTH":[],"Y_PREVALENCE_1000PP":[]},"LENGTH_OF_ERA":{"CATEGORY":"Length of era","MIN_VALUE":0,"P10_VALUE":-9999,"P25_VALUE":0,"MEDIAN_VALUE":0,"P75_VALUE":3,"P90_VALUE":13,"MAX_VALUE":13},"AGE_AT_FIRST_DIAGNOSIS":{"CATEGORY":["MALE","FEMALE"],"MIN_VALUE":[43,89],"P10_VALUE":[-9999,-9999],"P25_VALUE":[43,-9999],"MEDIAN_VALUE":[66,89],"P75_VALUE":[95,89],"P90_VALUE":[95,89],"MAX_VALUE":[95,89]}}
