{"PREVALENCE_BY_GENDER_AGE_YEAR":{"TRELLIS_NAME":["70-79","70-79","80-89","90-99","60-69","60-69","70-79","70-79","50-59","70-79"],"SERIES_NAME":["MALE","FEMALE","FEMALE","FEMALE","MALE","FEMALE","MALE","MALE","FEMALE","FEMALE"],"X_CALENDAR_YEAR":[2008,2008,2008,2009,2009,2009,2009,2010,2010,2010],"Y_PREVALENCE_1000PP":[5.88235,6.36943,6.84932,24.39024,8.40336,20.20202,5.58659,5.43478,71.42857,12.98701]},"PREVALENCE_BY_MONTH":{"X_CALENDAR_MONTH":["200801","200901","201001"],"Y_PREVALENCE_1000PP":[1.02775,1.04384,2.15054]},"LENGTH_OF_ERA":{"CATEGORY":"Length of era","MIN_VALUE":0,"P10_VALUE":0,"P25_VALUE":0,"MEDIAN_VALUE":0,"P75_VALUE":0,"P90_VALUE":0,"MAX_VALUE":0},"AGE_AT_FIRST_DIAGNOSIS":{"CATEGORY":["MALE","FEMALE"],"MIN_VALUE":[66,57],"P10_VALUE":[-9999,-9999],"P25_VALUE":[66,62],"MEDIAN_VALUE":[76,75],"P75_VALUE":[77,79],"P90_VALUE":[77,96],"MAX_VALUE":[77,96]}}
