{"PREVALENCE_BY_GENDER_AGE_YEAR":{"TRELLIS_NAME":["60-69","70-79","40-49","60-69","60-69","70-79","70-79"],"SERIES_NAME":["FEMALE","MALE","MALE","MALE","FEMALE","FEMALE","MALE"],"X_CALENDAR_YEAR":[2008,2008,2008,2009,2010,2010,2010],"Y_PREVALENCE_1000PP":[8.84956,5.88235,41.66667,16.80672,12.19512,6.49351,5.43478]},"PREVALENCE_BY_MONTH":{"X_CALENDAR_MONTH":[],"Y_PREVALENCE_1000PP":[]},"LENGTH_OF_ERA":{"CATEGORY":"Length of era","MIN_VALUE":0,"P10_VALUE":-9999,"P25_VALUE":0,"MEDIAN_VALUE":0,"P75_VALUE":0,"P90_VALUE":0,"MAX_VALUE":0},"AGE_AT_FIRST_DIAGNOSIS":{"CATEGORY":["MALE","FEMALE"],"MIN_VALUE":[48,60],"P10_VALUE":[-9999,-9999],"P25_VALUE":[48,60],"MEDIAN_VALUE":[68,67],"P75_VALUE":[76,74],"P90_VALUE":[76,74],"MAX_VALUE":[76,74]}}
