{"PREVALENCE_BY_GENDER_AGE_YEAR":{"TRELLIS_NAME":["70-79","60-69","80-89","70-79","80-89","80-89","70-79","40-49","40-49","20-29","60-69","60-69","70-79","60-69","70-79","60-69"],"SERIES_NAME":["FEMALE","MALE","FEMALE","FEMALE","MALE","FEMALE","MALE","MALE","FEMALE","FEMALE","MALE","FEMALE","MALE","MALE","FEMALE","FEMALE"],"X_CALENDAR_YEAR":[2008,2008,2008,2009,2009,2009,2009,2009,2009,2009,2009,2009,2010,2010,2010,2010],"Y_PREVALENCE_1000PP":[19.10828,6.66667,6.84932,12.42236,11.11111,13.98601,11.17318,41.66667,71.42857,500,8.40336,10.10101,5.43478,9.90099,6.49351,12.19512]},"PREVALENCE_BY_MONTH":{"X_CALENDAR_MONTH":"200801","Y_PREVALENCE_1000PP":1.02775},"LENGTH_OF_ERA":{"CATEGORY":"Length of era","MIN_VALUE":0,"P10_VALUE":0,"P25_VALUE":0,"MEDIAN_VALUE":0,"P75_VALUE":0,"P90_VALUE":0,"MAX_VALUE":2},"AGE_AT_FIRST_DIAGNOSIS":{"CATEGORY":["MALE","FEMALE"],"MIN_VALUE":[49,29],"P10_VALUE":[-9999,29],"P25_VALUE":[63,67],"MEDIAN_VALUE":[66,74],"P75_VALUE":[78,78],"P90_VALUE":[83,88],"MAX_VALUE":[83,89]}}
