{"PREVALENCE_BY_GENDER_AGE_YEAR":{"TRELLIS_NAME":["70-79","60-69","60-69","70-79","40-49","70-79","90-99","20-29","80-89","80-89","70-79"],"SERIES_NAME":["FEMALE","MALE","FEMALE","MALE","FEMALE","FEMALE","FEMALE","MALE","MALE","FEMALE","MALE"],"X_CALENDAR_YEAR":[2008,2008,2008,2008,2008,2009,2010,2010,2010,2010,2010],"Y_PREVALENCE_1000PP":[19.10828,6.66667,8.84956,5.88235,66.66667,12.42236,19.23077,200,22.47191,13.98601,5.43478]},"PREVALENCE_BY_MONTH":{"X_CALENDAR_MONTH":"201001","Y_PREVALENCE_1000PP":1.07527},"LENGTH_OF_ERA":{"CATEGORY":"Length of era","MIN_VALUE":0,"P10_VALUE":0,"P25_VALUE":0,"MEDIAN_VALUE":0,"P75_VALUE":0,"P90_VALUE":0,"MAX_VALUE":0},"AGE_AT_FIRST_DIAGNOSIS":{"CATEGORY":["MALE","FEMALE"],"MIN_VALUE":[29,48],"P10_VALUE":[-9999,48],"P25_VALUE":[29,68],"MEDIAN_VALUE":[71,75],"P75_VALUE":[87,80],"P90_VALUE":[87,83],"MAX_VALUE":[87,99]}}
