{"PREVALENCE_BY_GENDER_AGE_YEAR":{"TRELLIS_NAME":["60-69","80-89","30-39","60-69","40-49","70-79","70-79"],"SERIES_NAME":["FEMALE","FEMALE","MALE","MALE","MALE","MALE","MALE"],"X_CALENDAR_YEAR":[2008,2008,2008,2008,2008,2009,2010],"Y_PREVALENCE_1000PP":[17.69912,6.84932,100,6.66667,41.66667,5.58659,16.30435]},"PREVALENCE_BY_MONTH":{"X_CALENDAR_MONTH":"201001","Y_PREVALENCE_1000PP":2.15054},"LENGTH_OF_ERA":{"CATEGORY":"Length of era","MIN_VALUE":0,"P10_VALUE":0,"P25_VALUE":0,"MEDIAN_VALUE":0,"P75_VALUE":0,"P90_VALUE":5,"MAX_VALUE":14},"AGE_AT_FIRST_DIAGNOSIS":{"CATEGORY":["MALE","FEMALE"],"MIN_VALUE":[35,67],"P10_VALUE":[-9999,-9999],"P25_VALUE":[48,67],"MEDIAN_VALUE":[70,68],"P75_VALUE":[75,88],"P90_VALUE":[78,88],"MAX_VALUE":[78,88]}}
