{"PREVALENCE_BY_GENDER_AGE_YEAR":{"TRELLIS_NAME":["30-39","90-99","80-89","60-69","60-69","80-89","70-79","80-89"],"SERIES_NAME":["FEMALE","FEMALE","FEMALE","FEMALE","MALE","FEMALE","MALE","FEMALE"],"X_CALENDAR_YEAR":[2008,2008,2008,2009,2009,2009,2009,2010],"Y_PREVALENCE_1000PP":[125,38.46154,6.84932,10.10101,8.40336,6.99301,11.17318,13.98601]},"PREVALENCE_BY_MONTH":{"X_CALENDAR_MONTH":"201001","Y_PREVALENCE_1000PP":1.07527},"LENGTH_OF_ERA":{"CATEGORY":"Length of era","MIN_VALUE":0,"P10_VALUE":0,"P25_VALUE":0,"MEDIAN_VALUE":0,"P75_VALUE":0,"P90_VALUE":2,"MAX_VALUE":15},"AGE_AT_FIRST_DIAGNOSIS":{"CATEGORY":["MALE","FEMALE"],"MIN_VALUE":[66,36],"P10_VALUE":[-9999,-9999],"P25_VALUE":[66,66],"MEDIAN_VALUE":[73,83],"P75_VALUE":[74,86],"P90_VALUE":[74,95],"MAX_VALUE":[74,95]}}
