{"PREVALENCE_BY_GENDER_AGE_YEAR":{"TRELLIS_NAME":["50-59","70-79","50-59","70-79","80-89","80-89","70-79","90-99","100-109","70-79","60-69"],"SERIES_NAME":["FEMALE","FEMALE","MALE","MALE","FEMALE","MALE","FEMALE","FEMALE","MALE","FEMALE","MALE"],"X_CALENDAR_YEAR":[2008,2008,2008,2008,2009,2009,2009,2010,2010,2010,2010],"Y_PREVALENCE_1000PP":[58.82353,12.73885,28.57143,5.88235,6.99301,33.33333,6.21118,19.23077,500,6.49351,9.90099]},"PREVALENCE_BY_MONTH":{"X_CALENDAR_MONTH":["200801","200901"],"Y_PREVALENCE_1000PP":[1.02775,1.04384]},"LENGTH_OF_ERA":{"CATEGORY":"Length of era","MIN_VALUE":0,"P10_VALUE":0,"P25_VALUE":0,"MEDIAN_VALUE":0,"P75_VALUE":0,"P90_VALUE":0,"MAX_VALUE":0},"AGE_AT_FIRST_DIAGNOSIS":{"CATEGORY":["MALE","FEMALE"],"MIN_VALUE":[59,58],"P10_VALUE":[-9999,-9999],"P25_VALUE":[69,71],"MEDIAN_VALUE":[83,78],"P75_VALUE":[87,83],"P90_VALUE":[101,94],"MAX_VALUE":[101,94]}}
