{"PREVALENCE_BY_GENDER_AGE_YEAR":{"TRELLIS_NAME":["50-59","70-79","60-69","80-89","70-79","90-99","60-69","80-89","80-89","70-79","90-99","60-69","70-79","60-69","70-79","80-89","20-29","80-89","60-69","60-69","70-79"],"SERIES_NAME":["FEMALE","FEMALE","FEMALE","FEMALE","MALE","FEMALE","MALE","MALE","FEMALE","MALE","FEMALE","MALE","FEMALE","FEMALE","MALE","FEMALE","MALE","MALE","FEMALE","MALE","FEMALE"],"X_CALENDAR_YEAR":[2008,2008,2008,2008,2008,2008,2008,2009,2009,2009,2009,2009,2009,2009,2010,2010,2010,2010,2010,2010,2010],"Y_PREVALENCE_1000PP":[58.82353,44.58599,17.69912,34.24658,5.88235,38.46154,6.66667,44.44444,20.97902,5.58659,24.39024,8.40336,12.42236,30.30303,5.43478,6.99301,200,11.23596,12.19512,9.90099,6.49351]},"PREVALENCE_BY_MONTH":{"X_CALENDAR_MONTH":["200901","201001"],"Y_PREVALENCE_1000PP":[2.08768,1.07527]},"LENGTH_OF_ERA":{"CATEGORY":"Length of era","MIN_VALUE":0,"P10_VALUE":0,"P25_VALUE":0,"MEDIAN_VALUE":0,"P75_VALUE":0,"P90_VALUE":0,"MAX_VALUE":9},"AGE_AT_FIRST_DIAGNOSIS":{"CATEGORY":["MALE","FEMALE"],"MIN_VALUE":[29,59],"P10_VALUE":[29,63],"P25_VALUE":[67,68],"MEDIAN_VALUE":[79,77],"P75_VALUE":[83,88],"P90_VALUE":[87,89],"MAX_VALUE":[89,92]}}
