{"PREVALENCE_BY_GENDER_AGE_YEAR":{"TRELLIS_NAME":["70-79","70-79","60-69","80-89","60-69","80-89","60-69","70-79","60-69","20-29"],"SERIES_NAME":["MALE","FEMALE","FEMALE","FEMALE","MALE","MALE","FEMALE","MALE","MALE","MALE"],"X_CALENDAR_YEAR":[2008,2008,2008,2008,2008,2009,2009,2009,2009,2010],"Y_PREVALENCE_1000PP":[5.88235,6.36943,17.69912,13.69863,6.66667,11.11111,10.10101,5.58659,8.40336,200]},"PREVALENCE_BY_MONTH":{"X_CALENDAR_MONTH":[],"Y_PREVALENCE_1000PP":[]},"LENGTH_OF_ERA":{"CATEGORY":"Length of era","MIN_VALUE":0,"P10_VALUE":0,"P25_VALUE":0,"MEDIAN_VALUE":0,"P75_VALUE":0,"P90_VALUE":0,"MAX_VALUE":0},"AGE_AT_FIRST_DIAGNOSIS":{"CATEGORY":["MALE","FEMALE"],"MIN_VALUE":[29,66],"P10_VALUE":[-9999,-9999],"P25_VALUE":[29,66],"MEDIAN_VALUE":[69,69],"P75_VALUE":[76,80],"P90_VALUE":[88,85],"MAX_VALUE":[88,85]}}
