{"PREVALENCE_BY_GENDER_AGE_YEAR":{"TRELLIS_NAME":["90-99","60-69","70-79","70-79","60-69","70-79","70-79","90-99","60-69","80-89","90-99"],"SERIES_NAME":["FEMALE","FEMALE","FEMALE","MALE","FEMALE","FEMALE","MALE","FEMALE","MALE","FEMALE","FEMALE"],"X_CALENDAR_YEAR":[2008,2008,2008,2008,2009,2009,2009,2009,2009,2009,2010],"Y_PREVALENCE_1000PP":[38.46154,8.84956,6.36943,5.88235,10.10101,18.63354,5.58659,24.39024,8.40336,6.99301,19.23077]},"PREVALENCE_BY_MONTH":{"X_CALENDAR_MONTH":"200901","Y_PREVALENCE_1000PP":1.04384},"LENGTH_OF_ERA":{"CATEGORY":"Length of era","MIN_VALUE":0,"P10_VALUE":0,"P25_VALUE":0,"MEDIAN_VALUE":0,"P75_VALUE":0,"P90_VALUE":7,"MAX_VALUE":9},"AGE_AT_FIRST_DIAGNOSIS":{"CATEGORY":["MALE","FEMALE"],"MIN_VALUE":[66,66],"P10_VALUE":[-9999,66],"P25_VALUE":[66,68],"MEDIAN_VALUE":[74,77],"P75_VALUE":[77,90],"P90_VALUE":[77,98],"MAX_VALUE":[77,99]}}
