{"PREVALENCE_BY_GENDER_AGE_YEAR":{"TRELLIS_NAME":["70-79","60-69","80-89","70-79","30-39","70-79","70-79","80-89","60-69","80-89","50-59"],"SERIES_NAME":["FEMALE","FEMALE","FEMALE","MALE","FEMALE","FEMALE","MALE","FEMALE","MALE","MALE","MALE"],"X_CALENDAR_YEAR":[2008,2008,2008,2008,2009,2009,2009,2009,2009,2009,2009],"Y_PREVALENCE_1000PP":[12.73885,35.39823,20.54795,5.88235,125,24.84472,5.58659,13.98601,16.80672,11.11111,28.57143]},"PREVALENCE_BY_MONTH":{"X_CALENDAR_MONTH":"200801","Y_PREVALENCE_1000PP":1.02775},"LENGTH_OF_ERA":{"CATEGORY":"Length of era","MIN_VALUE":0,"P10_VALUE":0,"P25_VALUE":0,"MEDIAN_VALUE":0,"P75_VALUE":0,"P90_VALUE":2,"MAX_VALUE":4},"AGE_AT_FIRST_DIAGNOSIS":{"CATEGORY":["MALE","FEMALE"],"MIN_VALUE":[57,37],"P10_VALUE":[-9999,37],"P25_VALUE":[57,67],"MEDIAN_VALUE":[68,73],"P75_VALUE":[77,80],"P90_VALUE":[89,84],"MAX_VALUE":[89,89]}}
