{"PREVALENCE_BY_GENDER_AGE_YEAR":{"TRELLIS_NAME":["70-79","60-69","80-89","60-69","30-39","70-79","80-89","60-69","50-59","70-79","70-79","40-49"],"SERIES_NAME":["FEMALE","MALE","FEMALE","FEMALE","FEMALE","FEMALE","MALE","FEMALE","FEMALE","MALE","MALE","FEMALE"],"X_CALENDAR_YEAR":[2008,2008,2008,2008,2009,2009,2009,2009,2009,2009,2010,2010],"Y_PREVALENCE_1000PP":[6.36943,6.66667,6.84932,8.84956,125,12.42236,11.11111,10.10101,71.42857,11.17318,5.43478,71.42857]},"PREVALENCE_BY_MONTH":{"X_CALENDAR_MONTH":["200801","200901"],"Y_PREVALENCE_1000PP":[1.02775,1.04384]},"LENGTH_OF_ERA":{"CATEGORY":"Length of era","MIN_VALUE":0,"P10_VALUE":0,"P25_VALUE":0,"MEDIAN_VALUE":0,"P75_VALUE":0,"P90_VALUE":4,"MAX_VALUE":12},"AGE_AT_FIRST_DIAGNOSIS":{"CATEGORY":["MALE","FEMALE"],"MIN_VALUE":[64,34],"P10_VALUE":[-9999,34],"P25_VALUE":[64,47],"MEDIAN_VALUE":[76,68],"P75_VALUE":[79,76],"P90_VALUE":[80,84],"MAX_VALUE":[80,84]}}
