{"PREVALENCE_BY_GENDER_AGE_YEAR":{"TRELLIS_NAME":["60-69","60-69","80-89","80-89","90-99","70-79","60-69","70-79"],"SERIES_NAME":["FEMALE","MALE","FEMALE","MALE","FEMALE","MALE","MALE","MALE"],"X_CALENDAR_YEAR":[2008,2008,2009,2009,2009,2009,2009,2010],"Y_PREVALENCE_1000PP":[26.54867,6.66667,6.99301,11.11111,24.39024,5.58659,8.40336,5.43478]},"PREVALENCE_BY_MONTH":{"X_CALENDAR_MONTH":"200801","Y_PREVALENCE_1000PP":1.02775},"LENGTH_OF_ERA":{"CATEGORY":"Length of era","MIN_VALUE":0,"P10_VALUE":0,"P25_VALUE":0,"MEDIAN_VALUE":0,"P75_VALUE":7,"P90_VALUE":7,"MAX_VALUE":9},"AGE_AT_FIRST_DIAGNOSIS":{"CATEGORY":["MALE","FEMALE"],"MIN_VALUE":[66,66],"P10_VALUE":[-9999,-9999],"P25_VALUE":[66,66],"MEDIAN_VALUE":[75,69],"P75_VALUE":[77,89],"P90_VALUE":[81,90],"MAX_VALUE":[81,90]}}
