{"PREVALENCE_BY_GENDER_AGE_YEAR":{"TRELLIS_NAME":["70-79","70-79","80-89","80-89","40-49","70-79","90-99","80-89","50-59"],"SERIES_NAME":["FEMALE","FEMALE","MALE","FEMALE","MALE","MALE","FEMALE","MALE","MALE"],"X_CALENDAR_YEAR":[2008,2009,2009,2009,2009,2009,2010,2010,2010],"Y_PREVALENCE_1000PP":[12.73885,12.42236,22.22222,6.99301,41.66667,5.58659,19.23077,11.23596,31.25]},"PREVALENCE_BY_MONTH":{"X_CALENDAR_MONTH":[],"Y_PREVALENCE_1000PP":[]},"LENGTH_OF_ERA":{"CATEGORY":"Length of era","MIN_VALUE":0,"P10_VALUE":0,"P25_VALUE":0,"MEDIAN_VALUE":0,"P75_VALUE":0,"P90_VALUE":0,"MAX_VALUE":1},"AGE_AT_FIRST_DIAGNOSIS":{"CATEGORY":["MALE","FEMALE"],"MIN_VALUE":[47,71],"P10_VALUE":[-9999,-9999],"P25_VALUE":[47,71],"MEDIAN_VALUE":[79,74],"P75_VALUE":[86,85],"P90_VALUE":[87,91],"MAX_VALUE":[87,91]}}
