{"PREVALENCE_BY_GENDER_AGE_YEAR":{"TRELLIS_NAME":["60-69","80-89","70-79","70-79","70-79","40-49","80-89","60-69","70-79","50-59","70-79","80-89","60-69"],"SERIES_NAME":["FEMALE","FEMALE","MALE","FEMALE","FEMALE","FEMALE","FEMALE","MALE","MALE","MALE","MALE","FEMALE","FEMALE"],"X_CALENDAR_YEAR":[2008,2008,2008,2008,2009,2009,2009,2009,2009,2009,2010,2010,2010],"Y_PREVALENCE_1000PP":[26.54867,13.69863,23.52941,25.47771,18.63354,71.42857,6.99301,8.40336,11.17318,57.14286,10.86957,6.99301,24.39024]},"PREVALENCE_BY_MONTH":{"X_CALENDAR_MONTH":"201001","Y_PREVALENCE_1000PP":1.07527},"LENGTH_OF_ERA":{"CATEGORY":"Length of era","MIN_VALUE":0,"P10_VALUE":0,"P25_VALUE":0,"MEDIAN_VALUE":0,"P75_VALUE":0,"P90_VALUE":0,"MAX_VALUE":5},"AGE_AT_FIRST_DIAGNOSIS":{"CATEGORY":["MALE","FEMALE"],"MIN_VALUE":[54,47],"P10_VALUE":[54,47],"P25_VALUE":[58,68],"MEDIAN_VALUE":[72,70],"P75_VALUE":[75,77],"P90_VALUE":[77,83],"MAX_VALUE":[77,86]}}
