{"PREVALENCE_BY_GENDER_AGE_YEAR":{"TRELLIS_NAME":["70-79","60-69","70-79","60-69","70-79","80-89","80-89","60-69","70-79","70-79","80-89"],"SERIES_NAME":["FEMALE","FEMALE","MALE","MALE","MALE","FEMALE","MALE","MALE","FEMALE","MALE","FEMALE"],"X_CALENDAR_YEAR":[2008,2008,2008,2008,2009,2009,2009,2010,2010,2010,2010],"Y_PREVALENCE_1000PP":[12.73885,8.84956,11.76471,13.33333,16.75978,20.97902,11.11111,19.80198,6.49351,10.86957,6.99301]},"PREVALENCE_BY_MONTH":{"X_CALENDAR_MONTH":["200901","201001"],"Y_PREVALENCE_1000PP":[1.04384,1.07527]},"LENGTH_OF_ERA":{"CATEGORY":"Length of era","MIN_VALUE":0,"P10_VALUE":0,"P25_VALUE":0,"MEDIAN_VALUE":0,"P75_VALUE":0,"P90_VALUE":0,"MAX_VALUE":0},"AGE_AT_FIRST_DIAGNOSIS":{"CATEGORY":["MALE","FEMALE"],"MIN_VALUE":[67,66],"P10_VALUE":[67,-9999],"P25_VALUE":[69,70],"MEDIAN_VALUE":[70,79],"P75_VALUE":[74,81],"P90_VALUE":[77,85],"MAX_VALUE":[83,85]}}
