{"PREVALENCE_BY_GENDER_AGE_YEAR":{"TRELLIS_NAME":["70-79","80-89","80-89","70-79","30-39","60-69","80-89","70-79","60-69","60-69"],"SERIES_NAME":["FEMALE","MALE","FEMALE","MALE","FEMALE","FEMALE","MALE","MALE","FEMALE","MALE"],"X_CALENDAR_YEAR":[2008,2008,2008,2008,2009,2009,2009,2010,2010,2010],"Y_PREVALENCE_1000PP":[12.73885,12.04819,13.69863,5.88235,125,10.10101,11.11111,5.43478,12.19512,9.90099]},"PREVALENCE_BY_MONTH":{"X_CALENDAR_MONTH":"200801","Y_PREVALENCE_1000PP":1.02775},"LENGTH_OF_ERA":{"CATEGORY":"Length of era","MIN_VALUE":0,"P10_VALUE":0,"P25_VALUE":0,"MEDIAN_VALUE":0,"P75_VALUE":0,"P90_VALUE":0,"MAX_VALUE":0},"AGE_AT_FIRST_DIAGNOSIS":{"CATEGORY":["MALE","FEMALE"],"MIN_VALUE":[67,37],"P10_VALUE":[-9999,-9999],"P25_VALUE":[67,67],"MEDIAN_VALUE":[73,71],"P75_VALUE":[81,89],"P90_VALUE":[81,89],"MAX_VALUE":[81,89]}}
