{"PREVALENCE_BY_GENDER_AGE_YEAR":{"TRELLIS_NAME":["40-49","80-89","80-89","70-79"],"SERIES_NAME":["FEMALE","MALE","FEMALE","FEMALE"],"X_CALENDAR_YEAR":[2008,2009,2010,2010],"Y_PREVALENCE_1000PP":[133.33333,11.11111,6.99301,6.49351]},"PREVALENCE_BY_MONTH":{"X_CALENDAR_MONTH":"201001","Y_PREVALENCE_1000PP":1.07527},"LENGTH_OF_ERA":{"CATEGORY":"Length of era","MIN_VALUE":0,"P10_VALUE":-9999,"P25_VALUE":0,"MEDIAN_VALUE":0,"P75_VALUE":0,"P90_VALUE":0,"MAX_VALUE":0},"AGE_AT_FIRST_DIAGNOSIS":{"CATEGORY":["MALE","FEMALE"],"MIN_VALUE":[84,41],"P10_VALUE":[-9999,-9999],"P25_VALUE":[-9999,41],"MEDIAN_VALUE":[84,42],"P75_VALUE":[84,70],"P90_VALUE":[84,80],"MAX_VALUE":[84,80]}}
