{"PREVALENCE_BY_GENDER_AGE_YEAR":{"TRELLIS_NAME":["70-79","80-89"],"SERIES_NAME":["FEMALE","FEMALE"],"X_CALENDAR_YEAR":[2008,2010],"Y_PREVALENCE_1000PP":[6.36943,6.99301]},"PREVALENCE_BY_MONTH":{"X_CALENDAR_MONTH":[],"Y_PREVALENCE_1000PP":[]},"LENGTH_OF_ERA":{"CATEGORY":"Length of era","MIN_VALUE":0,"P10_VALUE":-9999,"P25_VALUE":-9999,"MEDIAN_VALUE":0,"P75_VALUE":0,"P90_VALUE":0,"MAX_VALUE":0},"AGE_AT_FIRST_DIAGNOSIS":{"CATEGORY":"FEMALE","MIN_VALUE":72,"P10_VALUE":-9999,"P25_VALUE":-9999,"MEDIAN_VALUE":72,"P75_VALUE":80,"P90_VALUE":80,"MAX_VALUE":80}}
