{"PREVALENCE_BY_GENDER_AGE_YEAR":{"TRELLIS_NAME":["70-79","60-69","40-49","60-69","70-79","70-79","80-89","80-89","60-69"],"SERIES_NAME":["FEMALE","MALE","MALE","FEMALE","MALE","FEMALE","MALE","FEMALE","FEMALE"],"X_CALENDAR_YEAR":[2008,2008,2008,2009,2009,2009,2009,2009,2010],"Y_PREVALENCE_1000PP":[6.36943,6.66667,41.66667,10.10101,5.58659,12.42236,11.11111,13.98601,12.19512]},"PREVALENCE_BY_MONTH":{"X_CALENDAR_MONTH":"200901","Y_PREVALENCE_1000PP":1.04384},"LENGTH_OF_ERA":{"CATEGORY":"Length of era","MIN_VALUE":0,"P10_VALUE":0,"P25_VALUE":0,"MEDIAN_VALUE":0,"P75_VALUE":0,"P90_VALUE":15,"MAX_VALUE":35},"AGE_AT_FIRST_DIAGNOSIS":{"CATEGORY":["MALE","FEMALE"],"MIN_VALUE":[41,61],"P10_VALUE":[-9999,-9999],"P25_VALUE":[41,67],"MEDIAN_VALUE":[65,76],"P75_VALUE":[71,80],"P90_VALUE":[88,87],"MAX_VALUE":[88,87]}}
