{"PREVALENCE_BY_GENDER_AGE_YEAR":{"TRELLIS_NAME":["50-59","90-99","70-79","50-59","60-69"],"SERIES_NAME":["FEMALE","FEMALE","MALE","MALE","FEMALE"],"X_CALENDAR_YEAR":[2008,2009,2009,2009,2010],"Y_PREVALENCE_1000PP":[58.82353,24.39024,11.17318,28.57143,24.39024]},"PREVALENCE_BY_MONTH":{"X_CALENDAR_MONTH":"201001","Y_PREVALENCE_1000PP":2.15054},"LENGTH_OF_ERA":{"CATEGORY":"Length of era","MIN_VALUE":0,"P10_VALUE":-9999,"P25_VALUE":0,"MEDIAN_VALUE":0,"P75_VALUE":3,"P90_VALUE":4,"MAX_VALUE":4},"AGE_AT_FIRST_DIAGNOSIS":{"CATEGORY":["MALE","FEMALE"],"MIN_VALUE":[58,51],"P10_VALUE":[-9999,-9999],"P25_VALUE":[58,51],"MEDIAN_VALUE":[77,62],"P75_VALUE":[79,69],"P90_VALUE":[79,91],"MAX_VALUE":[79,91]}}
