{"PREVALENCE_BY_GENDER_AGE_YEAR":{"TRELLIS_NAME":["70-79","70-79","90-99","80-89"],"SERIES_NAME":["MALE","FEMALE","FEMALE","FEMALE"],"X_CALENDAR_YEAR":[2008,2009,2009,2009],"Y_PREVALENCE_1000PP":[5.88235,6.21118,24.39024,6.99301]},"PREVALENCE_BY_MONTH":{"X_CALENDAR_MONTH":"200901","Y_PREVALENCE_1000PP":1.04384},"LENGTH_OF_ERA":{"CATEGORY":"Length of era","MIN_VALUE":0,"P10_VALUE":-9999,"P25_VALUE":0,"MEDIAN_VALUE":0,"P75_VALUE":0,"P90_VALUE":0,"MAX_VALUE":0},"AGE_AT_FIRST_DIAGNOSIS":{"CATEGORY":["MALE","FEMALE"],"MIN_VALUE":[77,71],"P10_VALUE":[-9999,-9999],"P25_VALUE":[-9999,71],"MEDIAN_VALUE":[77,84],"P75_VALUE":[77,95],"P90_VALUE":[77,95],"MAX_VALUE":[77,95]}}
