{"PREVALENCE_BY_GENDER_AGE_YEAR":{"TRELLIS_NAME":["60-69","90-99","50-59","80-89","80-89","70-79","30-39","60-69","70-79","80-89","90-99","30-39","80-89","70-79","50-59","90-99","30-39","90-99","70-79","60-69","70-79","80-89"],"SERIES_NAME":["FEMALE","FEMALE","MALE","FEMALE","MALE","MALE","FEMALE","MALE","FEMALE","MALE","FEMALE","FEMALE","FEMALE","MALE","MALE","MALE","MALE","FEMALE","FEMALE","FEMALE","MALE","MALE"],"X_CALENDAR_YEAR":[2008,2008,2008,2008,2008,2008,2008,2008,2009,2009,2009,2009,2009,2009,2009,2009,2010,2010,2010,2010,2010,2010],"Y_PREVALENCE_1000PP":[8.84956,38.46154,28.57143,20.54795,12.04819,11.76471,125,13.33333,12.42236,11.11111,24.39024,125,6.99301,22.34637,28.57143,71.42857,142.85714,19.23077,12.98701,24.39024,5.43478,11.23596]},"PREVALENCE_BY_MONTH":{"X_CALENDAR_MONTH":"201001","Y_PREVALENCE_1000PP":1.07527},"LENGTH_OF_ERA":{"CATEGORY":"Length of era","MIN_VALUE":0,"P10_VALUE":0,"P25_VALUE":0,"MEDIAN_VALUE":0,"P75_VALUE":0,"P90_VALUE":0,"MAX_VALUE":4},"AGE_AT_FIRST_DIAGNOSIS":{"CATEGORY":["MALE","FEMALE"],"MIN_VALUE":[36,35],"P10_VALUE":[36,35],"P25_VALUE":[66,66],"MEDIAN_VALUE":[74,77],"P75_VALUE":[79,88],"P90_VALUE":[89,97],"MAX_VALUE":[95,97]}}
