{"PREVALENCE_BY_GENDER_AGE_YEAR":{"TRELLIS_NAME":["80-89","60-69","80-89","20-29","90-99","70-79","70-79","60-69","80-89","70-79"],"SERIES_NAME":["FEMALE","FEMALE","MALE","MALE","MALE","FEMALE","MALE","MALE","MALE","MALE"],"X_CALENDAR_YEAR":[2008,2008,2008,2008,2008,2009,2009,2009,2010,2010],"Y_PREVALENCE_1000PP":[13.69863,8.84956,12.04819,166.66667,100,6.21118,5.58659,8.40336,11.23596,5.43478]},"PREVALENCE_BY_MONTH":{"X_CALENDAR_MONTH":[],"Y_PREVALENCE_1000PP":[]},"LENGTH_OF_ERA":{"CATEGORY":"Length of era","MIN_VALUE":0,"P10_VALUE":0,"P25_VALUE":0,"MEDIAN_VALUE":0,"P75_VALUE":0,"P90_VALUE":0,"MAX_VALUE":0},"AGE_AT_FIRST_DIAGNOSIS":{"CATEGORY":["MALE","FEMALE"],"MIN_VALUE":[27,66],"P10_VALUE":[-9999,-9999],"P25_VALUE":[64,66],"MEDIAN_VALUE":[78,71],"P75_VALUE":[88,81],"P90_VALUE":[97,83],"MAX_VALUE":[97,83]}}
