{"PREVALENCE_BY_GENDER_AGE_YEAR":{"TRELLIS_NAME":["60-69","80-89","70-79","80-89","60-69","90-99","60-69","70-79","80-89","30-39","70-79","80-89"],"SERIES_NAME":["MALE","MALE","MALE","FEMALE","MALE","FEMALE","FEMALE","MALE","FEMALE","FEMALE","MALE","MALE"],"X_CALENDAR_YEAR":[2008,2008,2008,2009,2009,2009,2009,2009,2010,2010,2010,2010],"Y_PREVALENCE_1000PP":[6.66667,12.04819,5.88235,20.97902,8.40336,24.39024,10.10101,16.75978,13.98601,142.85714,5.43478,11.23596]},"PREVALENCE_BY_MONTH":{"X_CALENDAR_MONTH":"201001","Y_PREVALENCE_1000PP":1.07527},"LENGTH_OF_ERA":{"CATEGORY":"Length of era","MIN_VALUE":0,"P10_VALUE":0,"P25_VALUE":0,"MEDIAN_VALUE":0,"P75_VALUE":0,"P90_VALUE":0,"MAX_VALUE":0},"AGE_AT_FIRST_DIAGNOSIS":{"CATEGORY":["MALE","FEMALE"],"MIN_VALUE":[66,30],"P10_VALUE":[66,-9999],"P25_VALUE":[69,68],"MEDIAN_VALUE":[75,83],"P75_VALUE":[78,86],"P90_VALUE":[87,90],"MAX_VALUE":[87,90]}}
