{"PREVALENCE_BY_GENDER_AGE_YEAR":{"TRELLIS_NAME":["70-79","60-69","80-89","80-89","70-79","70-79","70-79","90-99","60-69","80-89","50-59","60-69","80-89","70-79"],"SERIES_NAME":["FEMALE","MALE","FEMALE","MALE","MALE","MALE","FEMALE","FEMALE","FEMALE","MALE","MALE","MALE","FEMALE","MALE"],"X_CALENDAR_YEAR":[2008,2008,2008,2008,2008,2009,2009,2009,2010,2010,2010,2010,2010,2010],"Y_PREVALENCE_1000PP":[12.73885,20,6.84932,24.09639,5.88235,22.34637,18.63354,48.78049,12.19512,11.23596,31.25,9.90099,27.97203,21.73913]},"PREVALENCE_BY_MONTH":{"X_CALENDAR_MONTH":["200801","200901","201001"],"Y_PREVALENCE_1000PP":[1.02775,2.08768,1.07527]},"LENGTH_OF_ERA":{"CATEGORY":"Length of era","MIN_VALUE":0,"P10_VALUE":0,"P25_VALUE":0,"MEDIAN_VALUE":0,"P75_VALUE":0,"P90_VALUE":0,"MAX_VALUE":6},"AGE_AT_FIRST_DIAGNOSIS":{"CATEGORY":["MALE","FEMALE"],"MIN_VALUE":[50,60],"P10_VALUE":[50,60],"P25_VALUE":[65,72],"MEDIAN_VALUE":[73,81],"P75_VALUE":[78,87],"P90_VALUE":[84,98],"MAX_VALUE":[89,99]}}
