{"PREVALENCE_BY_GENDER_AGE_YEAR":{"TRELLIS_NAME":["70-79","80-89","60-69","70-79","70-79","60-69","80-89"],"SERIES_NAME":["FEMALE","MALE","FEMALE","FEMALE","FEMALE","MALE","MALE"],"X_CALENDAR_YEAR":[2008,2008,2009,2009,2010,2010,2010],"Y_PREVALENCE_1000PP":[6.36943,12.04819,10.10101,6.21118,6.49351,9.90099,11.23596]},"PREVALENCE_BY_MONTH":{"X_CALENDAR_MONTH":[],"Y_PREVALENCE_1000PP":[]},"LENGTH_OF_ERA":{"CATEGORY":"Length of era","MIN_VALUE":0,"P10_VALUE":-9999,"P25_VALUE":0,"MEDIAN_VALUE":0,"P75_VALUE":0,"P90_VALUE":0,"MAX_VALUE":0},"AGE_AT_FIRST_DIAGNOSIS":{"CATEGORY":["MALE","FEMALE"],"MIN_VALUE":[63,61],"P10_VALUE":[-9999,-9999],"P25_VALUE":[63,61],"MEDIAN_VALUE":[82,70],"P75_VALUE":[83,77],"P90_VALUE":[83,78],"MAX_VALUE":[83,78]}}
