{"PREVALENCE_BY_GENDER_AGE_YEAR":{"TRELLIS_NAME":["70-79","60-69","60-69","70-79","80-89","90-99","70-79","90-99","70-79"],"SERIES_NAME":["FEMALE","FEMALE","MALE","MALE","FEMALE","MALE","FEMALE","FEMALE","FEMALE"],"X_CALENDAR_YEAR":[2008,2008,2008,2009,2009,2009,2009,2010,2010],"Y_PREVALENCE_1000PP":[25.47771,8.84956,6.66667,5.58659,27.97203,71.42857,6.21118,19.23077,6.49351]},"PREVALENCE_BY_MONTH":{"X_CALENDAR_MONTH":[],"Y_PREVALENCE_1000PP":[]},"LENGTH_OF_ERA":{"CATEGORY":"Length of era","MIN_VALUE":0,"P10_VALUE":0,"P25_VALUE":0,"MEDIAN_VALUE":0,"P75_VALUE":0,"P90_VALUE":0,"MAX_VALUE":3},"AGE_AT_FIRST_DIAGNOSIS":{"CATEGORY":["MALE","FEMALE"],"MIN_VALUE":[67,65],"P10_VALUE":[-9999,65],"P25_VALUE":[67,73],"MEDIAN_VALUE":[74,78],"P75_VALUE":[90,82],"P90_VALUE":[90,87],"MAX_VALUE":[90,94]}}
