{"PREVALENCE_BY_GENDER_AGE_YEAR":{"TRELLIS_NAME":["60-69","90-99","50-59","70-79","40-49","70-79","80-89","80-89"],"SERIES_NAME":["MALE","FEMALE","MALE","FEMALE","FEMALE","FEMALE","FEMALE","MALE"],"X_CALENDAR_YEAR":[2008,2009,2009,2009,2009,2010,2010,2010],"Y_PREVALENCE_1000PP":[6.66667,48.78049,28.57143,6.21118,71.42857,6.49351,6.99301,11.23596]},"PREVALENCE_BY_MONTH":{"X_CALENDAR_MONTH":"201001","Y_PREVALENCE_1000PP":1.07527},"LENGTH_OF_ERA":{"CATEGORY":"Length of era","MIN_VALUE":0,"P10_VALUE":0,"P25_VALUE":0,"MEDIAN_VALUE":0,"P75_VALUE":0,"P90_VALUE":3,"MAX_VALUE":3},"AGE_AT_FIRST_DIAGNOSIS":{"CATEGORY":["MALE","FEMALE"],"MIN_VALUE":[57,42],"P10_VALUE":[-9999,-9999],"P25_VALUE":[57,42],"MEDIAN_VALUE":[61,75],"P75_VALUE":[80,90],"P90_VALUE":[80,93],"MAX_VALUE":[80,93]}}
