{"PREVALENCE_BY_GENDER_AGE_YEAR":{"TRELLIS_NAME":["70-79","90-99","60-69","70-79","70-79","50-59","80-89","60-69","60-69","20-29","60-69","90-99","70-79","80-89","80-89","30-39"],"SERIES_NAME":["MALE","FEMALE","MALE","MALE","FEMALE","MALE","FEMALE","MALE","FEMALE","MALE","MALE","FEMALE","MALE","FEMALE","MALE","FEMALE"],"X_CALENDAR_YEAR":[2008,2008,2008,2009,2009,2009,2009,2009,2009,2009,2010,2010,2010,2010,2010,2010],"Y_PREVALENCE_1000PP":[5.88235,38.46154,6.66667,22.34637,6.21118,28.57143,13.98601,8.40336,10.10101,142.85714,9.90099,19.23077,5.43478,13.98601,11.23596,142.85714]},"PREVALENCE_BY_MONTH":{"X_CALENDAR_MONTH":["200901","201001"],"Y_PREVALENCE_1000PP":[1.04384,1.07527]},"LENGTH_OF_ERA":{"CATEGORY":"Length of era","MIN_VALUE":0,"P10_VALUE":0,"P25_VALUE":0,"MEDIAN_VALUE":0,"P75_VALUE":0,"P90_VALUE":2,"MAX_VALUE":3},"AGE_AT_FIRST_DIAGNOSIS":{"CATEGORY":["MALE","FEMALE"],"MIN_VALUE":[29,30],"P10_VALUE":[29,-9999],"P25_VALUE":[66,61],"MEDIAN_VALUE":[72,84],"P75_VALUE":[75,88],"P90_VALUE":[79,92],"MAX_VALUE":[82,92]}}
