{"PREVALENCE_BY_GENDER_AGE_YEAR":{"TRELLIS_NAME":["70-79","80-89","60-69","60-69","40-49","80-89","60-69","80-89","80-89","60-69","40-49","70-79"],"SERIES_NAME":["FEMALE","MALE","FEMALE","FEMALE","MALE","FEMALE","MALE","MALE","FEMALE","MALE","MALE","MALE"],"X_CALENDAR_YEAR":[2008,2008,2008,2009,2009,2009,2009,2010,2010,2010,2010,2010],"Y_PREVALENCE_1000PP":[6.36943,12.04819,8.84956,10.10101,41.66667,13.98601,8.40336,11.23596,6.99301,19.80198,50,5.43478]},"PREVALENCE_BY_MONTH":{"X_CALENDAR_MONTH":"201001","Y_PREVALENCE_1000PP":2.15054},"LENGTH_OF_ERA":{"CATEGORY":"Length of era","MIN_VALUE":0,"P10_VALUE":0,"P25_VALUE":0,"MEDIAN_VALUE":0,"P75_VALUE":0,"P90_VALUE":0,"MAX_VALUE":0},"AGE_AT_FIRST_DIAGNOSIS":{"CATEGORY":["MALE","FEMALE"],"MIN_VALUE":[42,66],"P10_VALUE":[-9999,-9999],"P25_VALUE":[46,66],"MEDIAN_VALUE":[69,76],"P75_VALUE":[75,84],"P90_VALUE":[88,89],"MAX_VALUE":[88,89]}}
