{"PREVALENCE_BY_GENDER_AGE_YEAR":{"TRELLIS_NAME":["80-89","70-79","70-79","70-79","80-89","80-89","70-79","70-79","60-69"],"SERIES_NAME":["MALE","FEMALE","MALE","MALE","MALE","MALE","FEMALE","MALE","FEMALE"],"X_CALENDAR_YEAR":[2008,2008,2008,2009,2009,2010,2010,2010,2010],"Y_PREVALENCE_1000PP":[12.04819,6.36943,11.76471,16.75978,11.11111,11.23596,6.49351,5.43478,12.19512]},"PREVALENCE_BY_MONTH":{"X_CALENDAR_MONTH":[],"Y_PREVALENCE_1000PP":[]},"LENGTH_OF_ERA":{"CATEGORY":"Length of era","MIN_VALUE":0,"P10_VALUE":0,"P25_VALUE":0,"MEDIAN_VALUE":0,"P75_VALUE":0,"P90_VALUE":0,"MAX_VALUE":0},"AGE_AT_FIRST_DIAGNOSIS":{"CATEGORY":["MALE","FEMALE"],"MIN_VALUE":[70,66],"P10_VALUE":[70,-9999],"P25_VALUE":[73,66],"MEDIAN_VALUE":[77,75],"P75_VALUE":[81,77],"P90_VALUE":[89,77],"MAX_VALUE":[89,77]}}
