{"PREVALENCE_BY_GENDER_AGE_YEAR":{"TRELLIS_NAME":["60-69","80-89","80-89","70-79","70-79","60-69","40-49","40-49","90-99","80-89","70-79","100-109","80-89","60-69","70-79","70-79","90-99","70-79","60-69","60-69"],"SERIES_NAME":["FEMALE","FEMALE","MALE","FEMALE","MALE","MALE","MALE","MALE","FEMALE","MALE","FEMALE","MALE","FEMALE","MALE","MALE","FEMALE","FEMALE","MALE","MALE","FEMALE"],"X_CALENDAR_YEAR":[2008,2008,2008,2008,2008,2008,2008,2009,2009,2009,2009,2009,2009,2009,2009,2010,2010,2010,2010,2010],"Y_PREVALENCE_1000PP":[8.84956,13.69863,12.04819,6.36943,11.76471,6.66667,41.66667,41.66667,24.39024,22.22222,24.84472,500,13.98601,8.40336,5.58659,6.49351,19.23077,5.43478,9.90099,12.19512]},"PREVALENCE_BY_MONTH":{"X_CALENDAR_MONTH":["200801","200901","201001"],"Y_PREVALENCE_1000PP":[1.02775,1.04384,1.07527]},"LENGTH_OF_ERA":{"CATEGORY":"Length of era","MIN_VALUE":0,"P10_VALUE":0,"P25_VALUE":0,"MEDIAN_VALUE":0,"P75_VALUE":0,"P90_VALUE":1,"MAX_VALUE":9},"AGE_AT_FIRST_DIAGNOSIS":{"CATEGORY":["MALE","FEMALE"],"MIN_VALUE":[47,66],"P10_VALUE":[47,66],"P25_VALUE":[65,73],"MEDIAN_VALUE":[78,74],"P75_VALUE":[83,85],"P90_VALUE":[83,90],"MAX_VALUE":[100,93]}}
