{"PREVALENCE_BY_GENDER_AGE_YEAR":{"TRELLIS_NAME":["60-69","80-89","30-39","70-79","70-79","60-69","70-79","40-49","80-89","90-99","60-69","70-79","80-89","60-69","80-89","80-89","70-79","50-59","40-49","60-69","40-49","60-69","90-99"],"SERIES_NAME":["FEMALE","FEMALE","MALE","FEMALE","MALE","MALE","FEMALE","FEMALE","FEMALE","MALE","FEMALE","MALE","MALE","MALE","MALE","FEMALE","MALE","MALE","FEMALE","FEMALE","MALE","MALE","MALE"],"X_CALENDAR_YEAR":[2008,2008,2008,2008,2008,2008,2009,2009,2009,2009,2009,2009,2009,2009,2010,2010,2010,2010,2010,2010,2010,2010,2010],"Y_PREVALENCE_1000PP":[26.54867,34.24658,100,12.73885,23.52941,6.66667,43.47826,71.42857,6.99301,71.42857,50.50505,16.75978,44.44444,25.21008,33.70787,20.97902,10.86957,31.25,71.42857,36.58537,50,19.80198,45.45455]},"PREVALENCE_BY_MONTH":{"X_CALENDAR_MONTH":["200901","201001"],"Y_PREVALENCE_1000PP":[3.13152,1.07527]},"LENGTH_OF_ERA":{"CATEGORY":"Length of era","MIN_VALUE":0,"P10_VALUE":0,"P25_VALUE":0,"MEDIAN_VALUE":0,"P75_VALUE":0,"P90_VALUE":0,"MAX_VALUE":20},"AGE_AT_FIRST_DIAGNOSIS":{"CATEGORY":["MALE","FEMALE"],"MIN_VALUE":[38,43],"P10_VALUE":[41,65],"P25_VALUE":[65,68],"MEDIAN_VALUE":[70,73],"P75_VALUE":[82,81],"P90_VALUE":[85,83],"MAX_VALUE":[98,86]}}
