{"PREVALENCE_BY_GENDER_AGE_YEAR":{"TRELLIS_NAME":["40-49","80-89","90-99","60-69","70-79","60-69"],"SERIES_NAME":["FEMALE","FEMALE","FEMALE","MALE","MALE","FEMALE"],"X_CALENDAR_YEAR":[2008,2008,2009,2009,2010,2010],"Y_PREVALENCE_1000PP":[66.66667,6.84932,24.39024,8.40336,5.43478,12.19512]},"PREVALENCE_BY_MONTH":{"X_CALENDAR_MONTH":[],"Y_PREVALENCE_1000PP":[]},"LENGTH_OF_ERA":{"CATEGORY":"Length of era","MIN_VALUE":0,"P10_VALUE":-9999,"P25_VALUE":0,"MEDIAN_VALUE":0,"P75_VALUE":1,"P90_VALUE":2,"MAX_VALUE":2},"AGE_AT_FIRST_DIAGNOSIS":{"CATEGORY":["MALE","FEMALE"],"MIN_VALUE":[66,41],"P10_VALUE":[-9999,-9999],"P25_VALUE":[-9999,41],"MEDIAN_VALUE":[66,68],"P75_VALUE":[75,84],"P90_VALUE":[75,90],"MAX_VALUE":[75,90]}}
