{"PREVALENCE_BY_GENDER_AGE_YEAR":{"TRELLIS_NAME":["50-59","90-99","90-99","60-69","80-89","60-69","80-89","70-79","70-79"],"SERIES_NAME":["MALE","FEMALE","MALE","MALE","FEMALE","FEMALE","MALE","MALE","FEMALE"],"X_CALENDAR_YEAR":[2008,2008,2008,2008,2009,2009,2009,2010,2010],"Y_PREVALENCE_1000PP":[28.57143,38.46154,100,6.66667,6.99301,20.20202,11.11111,10.86957,6.49351]},"PREVALENCE_BY_MONTH":{"X_CALENDAR_MONTH":"200901","Y_PREVALENCE_1000PP":2.08768},"LENGTH_OF_ERA":{"CATEGORY":"Length of era","MIN_VALUE":0,"P10_VALUE":0,"P25_VALUE":0,"MEDIAN_VALUE":0,"P75_VALUE":0,"P90_VALUE":0,"MAX_VALUE":0},"AGE_AT_FIRST_DIAGNOSIS":{"CATEGORY":["MALE","FEMALE"],"MIN_VALUE":[55,65],"P10_VALUE":[-9999,-9999],"P25_VALUE":[55,65],"MEDIAN_VALUE":[70,70],"P75_VALUE":[83,87],"P90_VALUE":[97,92],"MAX_VALUE":[97,92]}}
