{"PREVALENCE_BY_GENDER_AGE_YEAR":{"TRELLIS_NAME":["60-69","60-69","50-59","30-39","80-89"],"SERIES_NAME":["MALE","FEMALE","MALE","FEMALE","FEMALE"],"X_CALENDAR_YEAR":[2008,2008,2008,2009,2010],"Y_PREVALENCE_1000PP":[6.66667,17.69912,28.57143,125,6.99301]},"PREVALENCE_BY_MONTH":{"X_CALENDAR_MONTH":[],"Y_PREVALENCE_1000PP":[]},"LENGTH_OF_ERA":{"CATEGORY":"Length of era","MIN_VALUE":0,"P10_VALUE":-9999,"P25_VALUE":0,"MEDIAN_VALUE":0,"P75_VALUE":0,"P90_VALUE":1,"MAX_VALUE":1},"AGE_AT_FIRST_DIAGNOSIS":{"CATEGORY":["MALE","FEMALE"],"MIN_VALUE":[56,30],"P10_VALUE":[-9999,-9999],"P25_VALUE":[-9999,30],"MEDIAN_VALUE":[56,66],"P75_VALUE":[67,67],"P90_VALUE":[67,85],"MAX_VALUE":[67,85]}}
