{"PREVALENCE_BY_GENDER_AGE_YEAR":{"TRELLIS_NAME":["60-69","70-79","80-89","90-99","80-89","60-69","70-79","60-69","70-79","80-89","50-59","70-79","60-69","70-79","80-89"],"SERIES_NAME":["MALE","FEMALE","FEMALE","FEMALE","FEMALE","MALE","FEMALE","FEMALE","MALE","MALE","MALE","FEMALE","MALE","MALE","FEMALE"],"X_CALENDAR_YEAR":[2008,2008,2008,2008,2009,2009,2009,2009,2009,2009,2009,2010,2010,2010,2010],"Y_PREVALENCE_1000PP":[13.33333,12.73885,13.69863,38.46154,6.99301,8.40336,24.84472,20.20202,5.58659,33.33333,28.57143,12.98701,9.90099,21.73913,6.99301]},"PREVALENCE_BY_MONTH":{"X_CALENDAR_MONTH":["200901","201001"],"Y_PREVALENCE_1000PP":[1.04384,1.07527]},"LENGTH_OF_ERA":{"CATEGORY":"Length of era","MIN_VALUE":0,"P10_VALUE":0,"P25_VALUE":0,"MEDIAN_VALUE":0,"P75_VALUE":2,"P90_VALUE":9,"MAX_VALUE":19},"AGE_AT_FIRST_DIAGNOSIS":{"CATEGORY":["MALE","FEMALE"],"MIN_VALUE":[57,63],"P10_VALUE":[57,63],"P25_VALUE":[65,73],"MEDIAN_VALUE":[74,78],"P75_VALUE":[79,83],"P90_VALUE":[85,87],"MAX_VALUE":[89,95]}}
