{"PREVALENCE_BY_GENDER_AGE_YEAR":{"TRELLIS_NAME":["50-59","70-79","80-89","70-79","60-69","80-89","70-79","60-69","70-79","60-69","70-79","60-69","80-89","70-79"],"SERIES_NAME":["MALE","FEMALE","MALE","MALE","MALE","MALE","FEMALE","MALE","MALE","FEMALE","FEMALE","MALE","MALE","MALE"],"X_CALENDAR_YEAR":[2008,2008,2008,2008,2008,2009,2009,2009,2009,2009,2010,2010,2010,2010],"Y_PREVALENCE_1000PP":[28.57143,6.36943,12.04819,5.88235,6.66667,11.11111,6.21118,8.40336,5.58659,10.10101,6.49351,9.90099,11.23596,10.86957]},"PREVALENCE_BY_MONTH":{"X_CALENDAR_MONTH":"201001","Y_PREVALENCE_1000PP":1.07527},"LENGTH_OF_ERA":{"CATEGORY":"Length of era","MIN_VALUE":0,"P10_VALUE":0,"P25_VALUE":0,"MEDIAN_VALUE":0,"P75_VALUE":0,"P90_VALUE":0,"MAX_VALUE":9},"AGE_AT_FIRST_DIAGNOSIS":{"CATEGORY":["MALE","FEMALE"],"MIN_VALUE":[50,69],"P10_VALUE":[50,-9999],"P25_VALUE":[66,69],"MEDIAN_VALUE":[75,72],"P75_VALUE":[80,74],"P90_VALUE":[83,79],"MAX_VALUE":[89,79]}}
