{"PREVALENCE_BY_GENDER_AGE_YEAR":{"TRELLIS_NAME":["70-79","80-89","80-89","70-79","80-89"],"SERIES_NAME":["MALE","FEMALE","MALE","MALE","FEMALE"],"X_CALENDAR_YEAR":[2008,2009,2009,2010,2010],"Y_PREVALENCE_1000PP":[5.88235,13.98601,11.11111,5.43478,6.99301]},"PREVALENCE_BY_MONTH":{"X_CALENDAR_MONTH":[],"Y_PREVALENCE_1000PP":[]},"LENGTH_OF_ERA":{"CATEGORY":"Length of era","MIN_VALUE":0,"P10_VALUE":-9999,"P25_VALUE":0,"MEDIAN_VALUE":0,"P75_VALUE":0,"P90_VALUE":0,"MAX_VALUE":0},"AGE_AT_FIRST_DIAGNOSIS":{"CATEGORY":["MALE","FEMALE"],"MIN_VALUE":[73,80],"P10_VALUE":[-9999,-9999],"P25_VALUE":[73,80],"MEDIAN_VALUE":[76,83],"P75_VALUE":[86,88],"P90_VALUE":[86,88],"MAX_VALUE":[86,88]}}
