{"PREVALENCE_BY_GENDER_AGE_YEAR":{"TRELLIS_NAME":["70-79","80-89","70-79","70-79","80-89","80-89","70-79","70-79"],"SERIES_NAME":["MALE","FEMALE","FEMALE","MALE","MALE","MALE","FEMALE","MALE"],"X_CALENDAR_YEAR":[2008,2008,2009,2009,2009,2010,2010,2010],"Y_PREVALENCE_1000PP":[11.76471,6.84932,12.42236,11.17318,11.11111,11.23596,12.98701,5.43478]},"PREVALENCE_BY_MONTH":{"X_CALENDAR_MONTH":["200901","201001"],"Y_PREVALENCE_1000PP":[1.04384,1.07527]},"LENGTH_OF_ERA":{"CATEGORY":"Length of era","MIN_VALUE":0,"P10_VALUE":0,"P25_VALUE":0,"MEDIAN_VALUE":0,"P75_VALUE":0,"P90_VALUE":0,"MAX_VALUE":0},"AGE_AT_FIRST_DIAGNOSIS":{"CATEGORY":["MALE","FEMALE"],"MIN_VALUE":[74,70],"P10_VALUE":[-9999,-9999],"P25_VALUE":[75,70],"MEDIAN_VALUE":[76,72],"P75_VALUE":[85,73],"P90_VALUE":[85,85],"MAX_VALUE":[85,85]}}
