{"PREVALENCE_BY_GENDER_AGE_YEAR":{"TRELLIS_NAME":["70-79","60-69","70-79","70-79","40-49","90-99","40-49","80-89","70-79","60-69","80-89"],"SERIES_NAME":["FEMALE","FEMALE","MALE","FEMALE","FEMALE","FEMALE","MALE","FEMALE","MALE","MALE","FEMALE"],"X_CALENDAR_YEAR":[2008,2008,2008,2009,2009,2009,2009,2009,2009,2009,2010],"Y_PREVALENCE_1000PP":[12.73885,8.84956,5.88235,6.21118,71.42857,24.39024,41.66667,13.98601,11.17318,16.80672,6.99301]},"PREVALENCE_BY_MONTH":{"X_CALENDAR_MONTH":"201001","Y_PREVALENCE_1000PP":1.07527},"LENGTH_OF_ERA":{"CATEGORY":"Length of era","MIN_VALUE":0,"P10_VALUE":0,"P25_VALUE":0,"MEDIAN_VALUE":0,"P75_VALUE":0,"P90_VALUE":0,"MAX_VALUE":0},"AGE_AT_FIRST_DIAGNOSIS":{"CATEGORY":["MALE","FEMALE"],"MIN_VALUE":[42,46],"P10_VALUE":[-9999,46],"P25_VALUE":[42,67],"MEDIAN_VALUE":[66,79],"P75_VALUE":[77,84],"P90_VALUE":[79,90],"MAX_VALUE":[79,90]}}
