{"PREVALENCE_BY_GENDER_AGE_YEAR":{"TRELLIS_NAME":["60-69","70-79","80-89","90-99","60-69","70-79","50-59","80-89","80-89","70-79"],"SERIES_NAME":["FEMALE","FEMALE","MALE","MALE","FEMALE","MALE","MALE","MALE","FEMALE","MALE"],"X_CALENDAR_YEAR":[2008,2008,2008,2008,2009,2009,2009,2010,2010,2010],"Y_PREVALENCE_1000PP":[8.84956,6.36943,12.04819,100,10.10101,5.58659,28.57143,11.23596,6.99301,10.86957]},"PREVALENCE_BY_MONTH":{"X_CALENDAR_MONTH":[],"Y_PREVALENCE_1000PP":[]},"LENGTH_OF_ERA":{"CATEGORY":"Length of era","MIN_VALUE":0,"P10_VALUE":0,"P25_VALUE":0,"MEDIAN_VALUE":0,"P75_VALUE":0,"P90_VALUE":0,"MAX_VALUE":0},"AGE_AT_FIRST_DIAGNOSIS":{"CATEGORY":["MALE","FEMALE"],"MIN_VALUE":[59,66],"P10_VALUE":[-9999,-9999],"P25_VALUE":[71,66],"MEDIAN_VALUE":[77,69],"P75_VALUE":[81,75],"P90_VALUE":[94,85],"MAX_VALUE":[94,85]}}
