{"PREVALENCE_BY_GENDER_AGE_YEAR":{"TRELLIS_NAME":["80-89","60-69","80-89","60-69","70-79","80-89","70-79","70-79","50-59","60-69","70-79","80-89","60-69"],"SERIES_NAME":["FEMALE","MALE","MALE","FEMALE","MALE","FEMALE","MALE","FEMALE","FEMALE","FEMALE","MALE","FEMALE","FEMALE"],"X_CALENDAR_YEAR":[2008,2008,2008,2008,2008,2009,2009,2009,2009,2009,2010,2010,2010],"Y_PREVALENCE_1000PP":[6.84932,6.66667,12.04819,8.84956,5.88235,6.99301,5.58659,12.42236,71.42857,10.10101,5.43478,6.99301,12.19512]},"PREVALENCE_BY_MONTH":{"X_CALENDAR_MONTH":"200801","Y_PREVALENCE_1000PP":1.02775},"LENGTH_OF_ERA":{"CATEGORY":"Length of era","MIN_VALUE":0,"P10_VALUE":0,"P25_VALUE":0,"MEDIAN_VALUE":0,"P75_VALUE":0,"P90_VALUE":0,"MAX_VALUE":0},"AGE_AT_FIRST_DIAGNOSIS":{"CATEGORY":["MALE","FEMALE"],"MIN_VALUE":[69,58],"P10_VALUE":[-9999,58],"P25_VALUE":[69,63],"MEDIAN_VALUE":[71,74],"P75_VALUE":[77,82],"P90_VALUE":[83,88],"MAX_VALUE":[83,88]}}
