{"PREVALENCE_BY_GENDER_AGE_YEAR":{"TRELLIS_NAME":["70-79","60-69","60-69","70-79","80-89","70-79"],"SERIES_NAME":["MALE","MALE","MALE","MALE","FEMALE","FEMALE"],"X_CALENDAR_YEAR":[2008,2008,2009,2009,2010,2010],"Y_PREVALENCE_1000PP":[5.88235,6.66667,8.40336,16.75978,6.99301,6.49351]},"PREVALENCE_BY_MONTH":{"X_CALENDAR_MONTH":"200901","Y_PREVALENCE_1000PP":1.04384},"LENGTH_OF_ERA":{"CATEGORY":"Length of era","MIN_VALUE":0,"P10_VALUE":-9999,"P25_VALUE":0,"MEDIAN_VALUE":0,"P75_VALUE":0,"P90_VALUE":0,"MAX_VALUE":0},"AGE_AT_FIRST_DIAGNOSIS":{"CATEGORY":["MALE","FEMALE"],"MIN_VALUE":[65,75],"P10_VALUE":[-9999,-9999],"P25_VALUE":[65,-9999],"MEDIAN_VALUE":[74,75],"P75_VALUE":[78,81],"P90_VALUE":[79,81],"MAX_VALUE":[79,81]}}
