{"PREVALENCE_BY_GENDER_AGE_YEAR":{"TRELLIS_NAME":["50-59","70-79","60-69","80-89","70-79","80-89","70-79","30-39","60-69","80-89"],"SERIES_NAME":["FEMALE","FEMALE","FEMALE","MALE","MALE","MALE","FEMALE","MALE","MALE","FEMALE"],"X_CALENDAR_YEAR":[2008,2008,2008,2008,2008,2009,2009,2009,2009,2010],"Y_PREVALENCE_1000PP":[58.82353,6.36943,17.69912,24.09639,11.76471,11.11111,12.42236,166.66667,16.80672,6.99301]},"PREVALENCE_BY_MONTH":{"X_CALENDAR_MONTH":"200901","Y_PREVALENCE_1000PP":2.08768},"LENGTH_OF_ERA":{"CATEGORY":"Length of era","MIN_VALUE":0,"P10_VALUE":0,"P25_VALUE":0,"MEDIAN_VALUE":0,"P75_VALUE":0,"P90_VALUE":0,"MAX_VALUE":0},"AGE_AT_FIRST_DIAGNOSIS":{"CATEGORY":["MALE","FEMALE"],"MIN_VALUE":[35,55],"P10_VALUE":[-9999,-9999],"P25_VALUE":[64,62],"MEDIAN_VALUE":[72,74],"P75_VALUE":[82,75],"P90_VALUE":[83,84],"MAX_VALUE":[83,84]}}
