{"PREVALENCE_BY_GENDER_AGE_YEAR":{"TRELLIS_NAME":["50-59","80-89","80-89","70-79","70-79","60-69","80-89","80-89","70-79","80-89","60-69","50-59","50-59"],"SERIES_NAME":["MALE","FEMALE","MALE","FEMALE","MALE","MALE","FEMALE","MALE","FEMALE","FEMALE","MALE","MALE","FEMALE"],"X_CALENDAR_YEAR":[2008,2008,2008,2008,2008,2009,2009,2009,2009,2010,2010,2010,2010],"Y_PREVALENCE_1000PP":[28.57143,6.84932,24.09639,12.73885,17.64706,8.40336,6.99301,11.11111,6.21118,13.98601,9.90099,31.25,71.42857]},"PREVALENCE_BY_MONTH":{"X_CALENDAR_MONTH":"201001","Y_PREVALENCE_1000PP":2.15054},"LENGTH_OF_ERA":{"CATEGORY":"Length of era","MIN_VALUE":0,"P10_VALUE":0,"P25_VALUE":0,"MEDIAN_VALUE":0,"P75_VALUE":0,"P90_VALUE":0,"MAX_VALUE":8},"AGE_AT_FIRST_DIAGNOSIS":{"CATEGORY":["MALE","FEMALE"],"MIN_VALUE":[51,59],"P10_VALUE":[51,-9999],"P25_VALUE":[59,73],"MEDIAN_VALUE":[74,78],"P75_VALUE":[82,84],"P90_VALUE":[83,87],"MAX_VALUE":[84,87]}}
