{"PREVALENCE_BY_GENDER_AGE_YEAR":{"TRELLIS_NAME":["60-69","70-79","80-89","80-89","30-39","70-79","60-69","90-99","70-79","50-59","80-89","80-89","70-79","60-69","60-69","80-89","70-79","70-79"],"SERIES_NAME":["FEMALE","FEMALE","MALE","FEMALE","MALE","MALE","MALE","MALE","FEMALE","MALE","FEMALE","MALE","MALE","MALE","MALE","MALE","FEMALE","MALE"],"X_CALENDAR_YEAR":[2008,2008,2008,2008,2008,2008,2008,2009,2009,2009,2009,2009,2009,2009,2010,2010,2010,2010],"Y_PREVALENCE_1000PP":[26.54867,12.73885,12.04819,27.39726,100,5.88235,13.33333,71.42857,12.42236,28.57143,27.97203,11.11111,22.34637,25.21008,9.90099,22.47191,12.98701,16.30435]},"PREVALENCE_BY_MONTH":{"X_CALENDAR_MONTH":["200901","201001"],"Y_PREVALENCE_1000PP":[2.08768,2.15054]},"LENGTH_OF_ERA":{"CATEGORY":"Length of era","MIN_VALUE":0,"P10_VALUE":0,"P25_VALUE":0,"MEDIAN_VALUE":0,"P75_VALUE":0,"P90_VALUE":2,"MAX_VALUE":3},"AGE_AT_FIRST_DIAGNOSIS":{"CATEGORY":["MALE","FEMALE"],"MIN_VALUE":[35,67],"P10_VALUE":[51,67],"P25_VALUE":[66,72],"MEDIAN_VALUE":[74,79],"P75_VALUE":[76,82],"P90_VALUE":[83,89],"MAX_VALUE":[90,89]}}
