{"PREVALENCE_BY_GENDER_AGE_YEAR":{"TRELLIS_NAME":["60-69","70-79","60-69","50-59","80-89","70-79","70-79","40-49","90-99","60-69","70-79","90-99","80-89","90-99"],"SERIES_NAME":["MALE","FEMALE","FEMALE","MALE","MALE","MALE","FEMALE","MALE","FEMALE","FEMALE","FEMALE","FEMALE","MALE","MALE"],"X_CALENDAR_YEAR":[2008,2008,2008,2008,2008,2008,2009,2009,2009,2009,2010,2010,2010,2010],"Y_PREVALENCE_1000PP":[6.66667,6.36943,8.84956,28.57143,24.09639,5.88235,6.21118,41.66667,24.39024,30.30303,6.49351,19.23077,11.23596,45.45455]},"PREVALENCE_BY_MONTH":{"X_CALENDAR_MONTH":"200801","Y_PREVALENCE_1000PP":1.02775},"LENGTH_OF_ERA":{"CATEGORY":"Length of era","MIN_VALUE":0,"P10_VALUE":0,"P25_VALUE":0,"MEDIAN_VALUE":0,"P75_VALUE":0,"P90_VALUE":0,"MAX_VALUE":0},"AGE_AT_FIRST_DIAGNOSIS":{"CATEGORY":["MALE","FEMALE"],"MIN_VALUE":[48,67],"P10_VALUE":[-9999,67],"P25_VALUE":[52,67],"MEDIAN_VALUE":[76,71],"P75_VALUE":[84,77],"P90_VALUE":[90,99],"MAX_VALUE":[90,99]}}
