{"PREVALENCE_BY_GENDER_AGE_YEAR":{"TRELLIS_NAME":["70-79","80-89","60-69","60-69","90-99","50-59","80-89","80-89","60-69","80-89","70-79"],"SERIES_NAME":["MALE","FEMALE","MALE","FEMALE","FEMALE","MALE","FEMALE","FEMALE","FEMALE","MALE","FEMALE"],"X_CALENDAR_YEAR":[2008,2008,2008,2009,2009,2009,2009,2010,2010,2010,2010],"Y_PREVALENCE_1000PP":[5.88235,6.84932,6.66667,10.10101,24.39024,28.57143,6.99301,13.98601,12.19512,11.23596,6.49351]},"PREVALENCE_BY_MONTH":{"X_CALENDAR_MONTH":"201001","Y_PREVALENCE_1000PP":1.07527},"LENGTH_OF_ERA":{"CATEGORY":"Length of era","MIN_VALUE":0,"P10_VALUE":0,"P25_VALUE":0,"MEDIAN_VALUE":0,"P75_VALUE":0,"P90_VALUE":0,"MAX_VALUE":0},"AGE_AT_FIRST_DIAGNOSIS":{"CATEGORY":["MALE","FEMALE"],"MIN_VALUE":[57,67],"P10_VALUE":[-9999,-9999],"P25_VALUE":[57,68],"MEDIAN_VALUE":[69,81],"P75_VALUE":[78,85],"P90_VALUE":[84,90],"MAX_VALUE":[84,90]}}
