{"PREVALENCE_BY_GENDER_AGE_YEAR":{"TRELLIS_NAME":["80-89","80-89","70-79","70-79","60-69","70-79","70-79","80-89","90-99","80-89","80-89","70-79","90-99","70-79","60-69","60-69"],"SERIES_NAME":["MALE","FEMALE","MALE","FEMALE","MALE","MALE","FEMALE","MALE","FEMALE","FEMALE","FEMALE","FEMALE","FEMALE","MALE","FEMALE","MALE"],"X_CALENDAR_YEAR":[2008,2008,2008,2008,2008,2009,2009,2009,2009,2009,2010,2010,2010,2010,2010,2010],"Y_PREVALENCE_1000PP":[12.04819,6.84932,11.76471,12.73885,13.33333,5.58659,12.42236,11.11111,24.39024,6.99301,6.99301,6.49351,19.23077,5.43478,12.19512,9.90099]},"PREVALENCE_BY_MONTH":{"X_CALENDAR_MONTH":[],"Y_PREVALENCE_1000PP":[]},"LENGTH_OF_ERA":{"CATEGORY":"Length of era","MIN_VALUE":0,"P10_VALUE":0,"P25_VALUE":0,"MEDIAN_VALUE":0,"P75_VALUE":0,"P90_VALUE":5,"MAX_VALUE":11},"AGE_AT_FIRST_DIAGNOSIS":{"CATEGORY":["MALE","FEMALE"],"MIN_VALUE":[67,68],"P10_VALUE":[67,68],"P25_VALUE":[67,72],"MEDIAN_VALUE":[74,79],"P75_VALUE":[78,88],"P90_VALUE":[88,95],"MAX_VALUE":[88,98]}}
