{"PREVALENCE_BY_GENDER_AGE_YEAR":{"TRELLIS_NAME":["60-69","70-79","70-79","80-89","90-99","80-89","80-89","60-69","70-79","60-69","80-89","50-59","70-79","70-79"],"SERIES_NAME":["FEMALE","FEMALE","MALE","FEMALE","FEMALE","FEMALE","MALE","MALE","MALE","MALE","FEMALE","MALE","FEMALE","MALE"],"X_CALENDAR_YEAR":[2008,2008,2008,2008,2008,2009,2009,2009,2009,2010,2010,2010,2010,2010],"Y_PREVALENCE_1000PP":[17.69912,6.36943,11.76471,6.84932,38.46154,6.99301,11.11111,25.21008,5.58659,9.90099,20.97902,31.25,12.98701,5.43478]},"PREVALENCE_BY_MONTH":{"X_CALENDAR_MONTH":["200801","201001"],"Y_PREVALENCE_1000PP":[1.02775,2.15054]},"LENGTH_OF_ERA":{"CATEGORY":"Length of era","MIN_VALUE":0,"P10_VALUE":0,"P25_VALUE":0,"MEDIAN_VALUE":0,"P75_VALUE":0,"P90_VALUE":0,"MAX_VALUE":0},"AGE_AT_FIRST_DIAGNOSIS":{"CATEGORY":["MALE","FEMALE"],"MIN_VALUE":[57,65],"P10_VALUE":[57,65],"P25_VALUE":[66,70],"MEDIAN_VALUE":[68,80],"P75_VALUE":[73,84],"P90_VALUE":[77,88],"MAX_VALUE":[81,93]}}
