{"PREVALENCE_BY_GENDER_AGE_YEAR":{"TRELLIS_NAME":["60-69","80-89","60-69","80-89","40-49","70-79","20-29","90-99","60-69"],"SERIES_NAME":["MALE","FEMALE","FEMALE","MALE","MALE","MALE","FEMALE","FEMALE","MALE"],"X_CALENDAR_YEAR":[2008,2008,2008,2008,2009,2009,2010,2010,2010],"Y_PREVALENCE_1000PP":[6.66667,6.84932,8.84956,12.04819,41.66667,5.58659,1000,19.23077,9.90099]},"PREVALENCE_BY_MONTH":{"X_CALENDAR_MONTH":"201001","Y_PREVALENCE_1000PP":1.07527},"LENGTH_OF_ERA":{"CATEGORY":"Length of era","MIN_VALUE":0,"P10_VALUE":0,"P25_VALUE":0,"MEDIAN_VALUE":0,"P75_VALUE":0,"P90_VALUE":2,"MAX_VALUE":2},"AGE_AT_FIRST_DIAGNOSIS":{"CATEGORY":["MALE","FEMALE"],"MIN_VALUE":[49,27],"P10_VALUE":[-9999,-9999],"P25_VALUE":[49,27],"MEDIAN_VALUE":[68,68],"P75_VALUE":[74,81],"P90_VALUE":[84,91],"MAX_VALUE":[84,91]}}
