{"PREVALENCE_BY_GENDER_AGE_YEAR":{"TRELLIS_NAME":["80-89","80-89","70-79","70-79","80-89","80-89","80-89","70-79","50-59","60-69","90-99","70-79"],"SERIES_NAME":["FEMALE","MALE","MALE","FEMALE","FEMALE","FEMALE","MALE","FEMALE","MALE","MALE","MALE","MALE"],"X_CALENDAR_YEAR":[2008,2008,2008,2009,2009,2010,2010,2010,2010,2010,2010,2010],"Y_PREVALENCE_1000PP":[6.84932,12.04819,5.88235,6.21118,6.99301,6.99301,11.23596,6.49351,31.25,9.90099,45.45455,10.86957]},"PREVALENCE_BY_MONTH":{"X_CALENDAR_MONTH":"201001","Y_PREVALENCE_1000PP":3.22581},"LENGTH_OF_ERA":{"CATEGORY":"Length of era","MIN_VALUE":0,"P10_VALUE":0,"P25_VALUE":0,"MEDIAN_VALUE":0,"P75_VALUE":0,"P90_VALUE":0,"MAX_VALUE":0},"AGE_AT_FIRST_DIAGNOSIS":{"CATEGORY":["MALE","FEMALE"],"MIN_VALUE":[55,71],"P10_VALUE":[-9999,-9999],"P25_VALUE":[69,71],"MEDIAN_VALUE":[74,81],"P75_VALUE":[80,82],"P90_VALUE":[96,88],"MAX_VALUE":[96,88]}}
