{"PREVALENCE_BY_GENDER_AGE_YEAR":{"TRELLIS_NAME":["70-79","90-99","70-79","90-99","70-79","80-89","40-49"],"SERIES_NAME":["FEMALE","MALE","MALE","FEMALE","MALE","FEMALE","MALE"],"X_CALENDAR_YEAR":[2008,2008,2008,2009,2010,2010,2010],"Y_PREVALENCE_1000PP":[12.73885,100,5.88235,24.39024,5.43478,6.99301,50]},"PREVALENCE_BY_MONTH":{"X_CALENDAR_MONTH":[],"Y_PREVALENCE_1000PP":[]},"LENGTH_OF_ERA":{"CATEGORY":"Length of era","MIN_VALUE":0,"P10_VALUE":-9999,"P25_VALUE":0,"MEDIAN_VALUE":0,"P75_VALUE":0,"P90_VALUE":0,"MAX_VALUE":0},"AGE_AT_FIRST_DIAGNOSIS":{"CATEGORY":["MALE","FEMALE"],"MIN_VALUE":[45,73],"P10_VALUE":[-9999,-9999],"P25_VALUE":[45,73],"MEDIAN_VALUE":[70,74],"P75_VALUE":[72,88],"P90_VALUE":[94,95],"MAX_VALUE":[94,95]}}
