{"PREVALENCE_BY_GENDER_AGE_YEAR":{"TRELLIS_NAME":["60-69","70-79","70-79","40-49","60-69","60-69","70-79","50-59","80-89","70-79","60-69","40-49"],"SERIES_NAME":["FEMALE","FEMALE","MALE","FEMALE","MALE","MALE","FEMALE","MALE","FEMALE","FEMALE","MALE","MALE"],"X_CALENDAR_YEAR":[2008,2008,2008,2008,2008,2009,2009,2009,2009,2010,2010,2010],"Y_PREVALENCE_1000PP":[8.84956,6.36943,11.76471,66.66667,6.66667,8.40336,6.21118,28.57143,13.98601,6.49351,9.90099,50]},"PREVALENCE_BY_MONTH":{"X_CALENDAR_MONTH":[],"Y_PREVALENCE_1000PP":[]},"LENGTH_OF_ERA":{"CATEGORY":"Length of era","MIN_VALUE":0,"P10_VALUE":0,"P25_VALUE":0,"MEDIAN_VALUE":0,"P75_VALUE":0,"P90_VALUE":0,"MAX_VALUE":0},"AGE_AT_FIRST_DIAGNOSIS":{"CATEGORY":["MALE","FEMALE"],"MIN_VALUE":[47,48],"P10_VALUE":[-9999,-9999],"P25_VALUE":[53,66],"MEDIAN_VALUE":[67,75],"P75_VALUE":[73,80],"P90_VALUE":[75,81],"MAX_VALUE":[75,81]}}
