{"PREVALENCE_BY_GENDER_AGE_YEAR":{"TRELLIS_NAME":["50-59","90-99","80-89","70-79","60-69","70-79","80-89","80-89","70-79","60-69","70-79","60-69","60-69","90-99","60-69","90-99","70-79","80-89","70-79"],"SERIES_NAME":["FEMALE","FEMALE","MALE","FEMALE","FEMALE","MALE","FEMALE","MALE","FEMALE","MALE","MALE","FEMALE","MALE","FEMALE","FEMALE","MALE","MALE","FEMALE","FEMALE"],"X_CALENDAR_YEAR":[2008,2008,2008,2008,2008,2008,2009,2009,2009,2009,2009,2009,2010,2010,2010,2010,2010,2010,2010],"Y_PREVALENCE_1000PP":[58.82353,38.46154,48.19277,6.36943,17.69912,5.88235,6.99301,22.22222,18.63354,25.21008,22.34637,10.10101,9.90099,38.46154,24.39024,45.45455,10.86957,6.99301,6.49351]},"PREVALENCE_BY_MONTH":{"X_CALENDAR_MONTH":["200801","200901","201001"],"Y_PREVALENCE_1000PP":[3.08325,1.04384,2.15054]},"LENGTH_OF_ERA":{"CATEGORY":"Length of era","MIN_VALUE":0,"P10_VALUE":0,"P25_VALUE":0,"MEDIAN_VALUE":0,"P75_VALUE":0,"P90_VALUE":0,"MAX_VALUE":0},"AGE_AT_FIRST_DIAGNOSIS":{"CATEGORY":["MALE","FEMALE"],"MIN_VALUE":[61,55],"P10_VALUE":[61,55],"P25_VALUE":[66,68],"MEDIAN_VALUE":[78,74],"P75_VALUE":[86,82],"P90_VALUE":[89,95],"MAX_VALUE":[90,99]}}
