{"PREVALENCE_BY_GENDER_AGE_YEAR":{"TRELLIS_NAME":["50-59","60-69","70-79","80-89","60-69","70-79","80-89"],"SERIES_NAME":["MALE","MALE","MALE","FEMALE","MALE","FEMALE","MALE"],"X_CALENDAR_YEAR":[2008,2008,2009,2009,2009,2009,2009],"Y_PREVALENCE_1000PP":[28.57143,6.66667,5.58659,6.99301,8.40336,6.21118,22.22222]},"PREVALENCE_BY_MONTH":{"X_CALENDAR_MONTH":[],"Y_PREVALENCE_1000PP":[]},"LENGTH_OF_ERA":{"CATEGORY":"Length of era","MIN_VALUE":0,"P10_VALUE":-9999,"P25_VALUE":0,"MEDIAN_VALUE":0,"P75_VALUE":0,"P90_VALUE":1,"MAX_VALUE":1},"AGE_AT_FIRST_DIAGNOSIS":{"CATEGORY":["MALE","FEMALE"],"MIN_VALUE":[51,71],"P10_VALUE":[-9999,-9999],"P25_VALUE":[51,-9999],"MEDIAN_VALUE":[68,71],"P75_VALUE":[85,80],"P90_VALUE":[88,80],"MAX_VALUE":[88,80]}}
