{"PREVALENCE_BY_GENDER_AGE_YEAR":{"TRELLIS_NAME":["70-79","70-79","60-69","80-89","50-59"],"SERIES_NAME":["MALE","FEMALE","MALE","MALE","MALE"],"X_CALENDAR_YEAR":[2008,2008,2008,2010,2010],"Y_PREVALENCE_1000PP":[5.88235,6.36943,6.66667,11.23596,31.25]},"PREVALENCE_BY_MONTH":{"X_CALENDAR_MONTH":[],"Y_PREVALENCE_1000PP":[]},"LENGTH_OF_ERA":{"CATEGORY":"Length of era","MIN_VALUE":0,"P10_VALUE":-9999,"P25_VALUE":0,"MEDIAN_VALUE":0,"P75_VALUE":0,"P90_VALUE":0,"MAX_VALUE":0},"AGE_AT_FIRST_DIAGNOSIS":{"CATEGORY":["MALE","FEMALE"],"MIN_VALUE":[59,73],"P10_VALUE":[-9999,-9999],"P25_VALUE":[59,-9999],"MEDIAN_VALUE":[69,73],"P75_VALUE":[72,73],"P90_VALUE":[84,73],"MAX_VALUE":[84,73]}}
