{"PREVALENCE_BY_GENDER_AGE_YEAR":{"TRELLIS_NAME":["50-59","70-79","80-89","80-89","70-79","60-69","90-99","80-89","70-79","70-79","80-89","60-69","50-59","90-99","70-79","80-89","70-79","60-69"],"SERIES_NAME":["FEMALE","FEMALE","MALE","FEMALE","MALE","MALE","FEMALE","MALE","FEMALE","MALE","FEMALE","MALE","MALE","FEMALE","FEMALE","FEMALE","MALE","MALE"],"X_CALENDAR_YEAR":[2008,2008,2008,2008,2008,2008,2009,2009,2009,2009,2009,2009,2010,2010,2010,2010,2010,2010],"Y_PREVALENCE_1000PP":[58.82353,12.73885,12.04819,20.54795,11.76471,6.66667,48.78049,11.11111,18.63354,11.17318,13.98601,8.40336,31.25,19.23077,6.49351,20.97902,5.43478,9.90099]},"PREVALENCE_BY_MONTH":{"X_CALENDAR_MONTH":["200801","200901"],"Y_PREVALENCE_1000PP":[2.0555,2.08768]},"LENGTH_OF_ERA":{"CATEGORY":"Length of era","MIN_VALUE":0,"P10_VALUE":0,"P25_VALUE":0,"MEDIAN_VALUE":0,"P75_VALUE":12,"P90_VALUE":20,"MAX_VALUE":20},"AGE_AT_FIRST_DIAGNOSIS":{"CATEGORY":["MALE","FEMALE"],"MIN_VALUE":[59,57],"P10_VALUE":[59,57],"P25_VALUE":[65,73],"MEDIAN_VALUE":[72,81],"P75_VALUE":[77,89],"P90_VALUE":[81,97],"MAX_VALUE":[82,97]}}
