{"PREVALENCE_BY_GENDER_AGE_YEAR":{"TRELLIS_NAME":["70-79","20-29","60-69"],"SERIES_NAME":["FEMALE","MALE","MALE"],"X_CALENDAR_YEAR":[2008,2008,2008],"Y_PREVALENCE_1000PP":[6.36943,166.66667,6.66667]},"PREVALENCE_BY_MONTH":{"X_CALENDAR_MONTH":[],"Y_PREVALENCE_1000PP":[]},"LENGTH_OF_ERA":{"CATEGORY":"Length of era","MIN_VALUE":0,"P10_VALUE":-9999,"P25_VALUE":0,"MEDIAN_VALUE":0,"P75_VALUE":0,"P90_VALUE":0,"MAX_VALUE":0},"AGE_AT_FIRST_DIAGNOSIS":{"CATEGORY":["MALE","FEMALE"],"MIN_VALUE":[27,79],"P10_VALUE":[-9999,-9999],"P25_VALUE":[-9999,-9999],"MEDIAN_VALUE":[27,79],"P75_VALUE":[64,79],"P90_VALUE":[64,79],"MAX_VALUE":[64,79]}}
