{"PREVALENCE_BY_GENDER_AGE_YEAR":{"TRELLIS_NAME":"90-99","SERIES_NAME":"FEMALE","X_CALENDAR_YEAR":2008,"Y_PREVALENCE_1000PP":38.46154},"PREVALENCE_BY_MONTH":{"X_CALENDAR_MONTH":[],"Y_PREVALENCE_1000PP":[]},"LENGTH_OF_ERA":{"CATEGORY":"Length of era","MIN_VALUE":5,"P10_VALUE":-9999,"P25_VALUE":-9999,"MEDIAN_VALUE":5,"P75_VALUE":5,"P90_VALUE":5,"MAX_VALUE":5},"AGE_AT_FIRST_DIAGNOSIS":{"CATEGORY":"FEMALE","MIN_VALUE":91,"P10_VALUE":-9999,"P25_VALUE":-9999,"MEDIAN_VALUE":91,"P75_VALUE":91,"P90_VALUE":91,"MAX_VALUE":91}}
