{"PREVALENCE_BY_GENDER_AGE_YEAR":{"TRELLIS_NAME":["80-89","80-89","70-79","70-79","50-59","70-79","80-89","70-79","70-79"],"SERIES_NAME":["FEMALE","MALE","FEMALE","MALE","FEMALE","FEMALE","FEMALE","FEMALE","MALE"],"X_CALENDAR_YEAR":[2008,2008,2008,2008,2009,2009,2010,2010,2010],"Y_PREVALENCE_1000PP":[6.84932,24.09639,6.36943,5.88235,71.42857,6.21118,6.99301,6.49351,10.86957]},"PREVALENCE_BY_MONTH":{"X_CALENDAR_MONTH":["200801","201001"],"Y_PREVALENCE_1000PP":[1.02775,1.07527]},"LENGTH_OF_ERA":{"CATEGORY":"Length of era","MIN_VALUE":0,"P10_VALUE":0,"P25_VALUE":0,"MEDIAN_VALUE":0,"P75_VALUE":0,"P90_VALUE":0,"MAX_VALUE":0},"AGE_AT_FIRST_DIAGNOSIS":{"CATEGORY":["MALE","FEMALE"],"MIN_VALUE":[74,52],"P10_VALUE":[-9999,-9999],"P25_VALUE":[74,52],"MEDIAN_VALUE":[75,71],"P75_VALUE":[81,81],"P90_VALUE":[83,89],"MAX_VALUE":[83,89]}}
