{"PREVALENCE_BY_GENDER_AGE_YEAR":{"TRELLIS_NAME":["60-69","70-79","80-89","80-89","20-29","70-79","40-49","60-69","70-79","80-89","80-89","50-59","60-69","70-79","60-69","80-89","70-79","50-59","30-39","80-89","70-79","60-69","90-99"],"SERIES_NAME":["FEMALE","FEMALE","MALE","FEMALE","MALE","MALE","FEMALE","MALE","FEMALE","MALE","FEMALE","FEMALE","MALE","MALE","MALE","FEMALE","FEMALE","MALE","FEMALE","MALE","MALE","FEMALE","MALE"],"X_CALENDAR_YEAR":[2008,2008,2008,2008,2008,2008,2008,2008,2009,2009,2009,2009,2009,2009,2010,2010,2010,2010,2010,2010,2010,2010,2010],"Y_PREVALENCE_1000PP":[26.54867,6.36943,12.04819,13.69863,166.66667,35.29412,66.66667,6.66667,37.26708,11.11111,6.99301,71.42857,8.40336,16.75978,29.70297,6.99301,25.97403,31.25,142.85714,33.70787,5.43478,12.19512,45.45455]},"PREVALENCE_BY_MONTH":{"X_CALENDAR_MONTH":"201001","Y_PREVALENCE_1000PP":1.07527},"LENGTH_OF_ERA":{"CATEGORY":"Length of era","MIN_VALUE":0,"P10_VALUE":0,"P25_VALUE":0,"MEDIAN_VALUE":0,"P75_VALUE":0,"P90_VALUE":0,"MAX_VALUE":1},"AGE_AT_FIRST_DIAGNOSIS":{"CATEGORY":["MALE","FEMALE"],"MIN_VALUE":[27,35],"P10_VALUE":[59,42],"P25_VALUE":[67,67],"MEDIAN_VALUE":[76,73],"P75_VALUE":[81,76],"P90_VALUE":[83,87],"MAX_VALUE":[90,88]}}
