{"PREVALENCE_BY_GENDER_AGE_YEAR":{"TRELLIS_NAME":["70-79","50-59","70-79","60-69","60-69","80-89","90-99"],"SERIES_NAME":["FEMALE","MALE","MALE","FEMALE","MALE","FEMALE","FEMALE"],"X_CALENDAR_YEAR":[2008,2008,2008,2009,2009,2009,2010],"Y_PREVALENCE_1000PP":[6.36943,28.57143,5.88235,20.20202,8.40336,6.99301,19.23077]},"PREVALENCE_BY_MONTH":{"X_CALENDAR_MONTH":"201001","Y_PREVALENCE_1000PP":1.07527},"LENGTH_OF_ERA":{"CATEGORY":"Length of era","MIN_VALUE":0,"P10_VALUE":-9999,"P25_VALUE":0,"MEDIAN_VALUE":0,"P75_VALUE":1,"P90_VALUE":9,"MAX_VALUE":9},"AGE_AT_FIRST_DIAGNOSIS":{"CATEGORY":["MALE","FEMALE"],"MIN_VALUE":[57,64],"P10_VALUE":[-9999,-9999],"P25_VALUE":[57,64],"MEDIAN_VALUE":[67,77],"P75_VALUE":[77,85],"P90_VALUE":[77,97],"MAX_VALUE":[77,97]}}
