{"PREVALENCE_BY_GENDER_AGE_YEAR":{"TRELLIS_NAME":["80-89","60-69","90-99","80-89","70-79","60-69","70-79","70-79","80-89","60-69","80-89","70-79","60-69"],"SERIES_NAME":["FEMALE","FEMALE","FEMALE","MALE","MALE","MALE","MALE","FEMALE","MALE","FEMALE","FEMALE","MALE","FEMALE"],"X_CALENDAR_YEAR":[2008,2008,2008,2008,2008,2008,2009,2009,2009,2009,2010,2010,2010],"Y_PREVALENCE_1000PP":[27.39726,26.54867,76.92308,12.04819,11.76471,6.66667,11.17318,12.42236,11.11111,10.10101,6.99301,16.30435,12.19512]},"PREVALENCE_BY_MONTH":{"X_CALENDAR_MONTH":"201001","Y_PREVALENCE_1000PP":4.30108},"LENGTH_OF_ERA":{"CATEGORY":"Length of era","MIN_VALUE":0,"P10_VALUE":0,"P25_VALUE":0,"MEDIAN_VALUE":0,"P75_VALUE":0,"P90_VALUE":0,"MAX_VALUE":1},"AGE_AT_FIRST_DIAGNOSIS":{"CATEGORY":["MALE","FEMALE"],"MIN_VALUE":[61,61],"P10_VALUE":[61,61],"P25_VALUE":[71,68],"MEDIAN_VALUE":[73,74],"P75_VALUE":[79,87],"P90_VALUE":[83,92],"MAX_VALUE":[88,94]}}
