{"PREVALENCE_BY_GENDER_AGE_YEAR":{"TRELLIS_NAME":["80-89","70-79","30-39","90-99","60-69","70-79","40-49","60-69","40-49","60-69","80-89","80-89","60-69","70-79","70-79","50-59","40-49","70-79","80-89","80-89","60-69","70-79","90-99","50-59"],"SERIES_NAME":["MALE","FEMALE","MALE","FEMALE","FEMALE","MALE","FEMALE","MALE","MALE","MALE","FEMALE","MALE","FEMALE","MALE","FEMALE","MALE","MALE","FEMALE","FEMALE","MALE","FEMALE","MALE","MALE","MALE"],"X_CALENDAR_YEAR":[2008,2008,2008,2008,2008,2008,2008,2008,2008,2009,2009,2009,2009,2009,2009,2009,2009,2010,2010,2010,2010,2010,2010,2010],"Y_PREVALENCE_1000PP":[12.04819,12.73885,100,38.46154,26.54867,11.76471,66.66667,20,41.66667,16.80672,48.95105,11.11111,30.30303,22.34637,24.84472,28.57143,83.33333,6.49351,20.97902,11.23596,12.19512,5.43478,45.45455,31.25]},"PREVALENCE_BY_MONTH":{"X_CALENDAR_MONTH":["200901","201001"],"Y_PREVALENCE_1000PP":[3.13152,1.07527]},"LENGTH_OF_ERA":{"CATEGORY":"Length of era","MIN_VALUE":0,"P10_VALUE":0,"P25_VALUE":0,"MEDIAN_VALUE":0,"P75_VALUE":3,"P90_VALUE":9,"MAX_VALUE":20},"AGE_AT_FIRST_DIAGNOSIS":{"CATEGORY":["MALE","FEMALE"],"MIN_VALUE":[35,40],"P10_VALUE":[41,61],"P25_VALUE":[57,68],"MEDIAN_VALUE":[70,78],"P75_VALUE":[75,82],"P90_VALUE":[84,88],"MAX_VALUE":[99,90]}}
