{"PREVALENCE_BY_GENDER_AGE_YEAR":{"TRELLIS_NAME":["70-79","40-49"],"SERIES_NAME":["FEMALE","FEMALE"],"X_CALENDAR_YEAR":[2008,2008],"Y_PREVALENCE_1000PP":[6.36943,66.66667]},"PREVALENCE_BY_MONTH":{"X_CALENDAR_MONTH":[],"Y_PREVALENCE_1000PP":[]},"LENGTH_OF_ERA":{"CATEGORY":"Length of era","MIN_VALUE":0,"P10_VALUE":-9999,"P25_VALUE":-9999,"MEDIAN_VALUE":0,"P75_VALUE":2,"P90_VALUE":2,"MAX_VALUE":2},"AGE_AT_FIRST_DIAGNOSIS":{"CATEGORY":"FEMALE","MIN_VALUE":45,"P10_VALUE":-9999,"P25_VALUE":-9999,"MEDIAN_VALUE":45,"P75_VALUE":79,"P90_VALUE":79,"MAX_VALUE":79}}
