{"PREVALENCE_BY_GENDER_AGE_YEAR":{"TRELLIS_NAME":["70-79","70-79","70-79","80-89"],"SERIES_NAME":["MALE","FEMALE","MALE","MALE"],"X_CALENDAR_YEAR":[2009,2010,2010,2010],"Y_PREVALENCE_1000PP":[5.58659,6.49351,5.43478,11.23596]},"PREVALENCE_BY_MONTH":{"X_CALENDAR_MONTH":[],"Y_PREVALENCE_1000PP":[]},"LENGTH_OF_ERA":{"CATEGORY":"Length of era","MIN_VALUE":0,"P10_VALUE":-9999,"P25_VALUE":0,"MEDIAN_VALUE":0,"P75_VALUE":0,"P90_VALUE":0,"MAX_VALUE":0},"AGE_AT_FIRST_DIAGNOSIS":{"CATEGORY":["MALE","FEMALE"],"MIN_VALUE":[76,76],"P10_VALUE":[-9999,-9999],"P25_VALUE":[76,-9999],"MEDIAN_VALUE":[77,76],"P75_VALUE":[85,76],"P90_VALUE":[85,76],"MAX_VALUE":[85,76]}}
