{"PREVALENCE_BY_GENDER_AGE_YEAR":{"TRELLIS_NAME":["80-89","20-29","70-79","40-49","60-69","70-79","80-89"],"SERIES_NAME":["MALE","MALE","MALE","MALE","MALE","MALE","MALE"],"X_CALENDAR_YEAR":[2008,2008,2009,2009,2010,2010,2010],"Y_PREVALENCE_1000PP":[12.04819,166.66667,5.58659,41.66667,9.90099,5.43478,11.23596]},"PREVALENCE_BY_MONTH":{"X_CALENDAR_MONTH":[],"Y_PREVALENCE_1000PP":[]},"LENGTH_OF_ERA":{"CATEGORY":"Length of era","MIN_VALUE":0,"P10_VALUE":-9999,"P25_VALUE":0,"MEDIAN_VALUE":0,"P75_VALUE":0,"P90_VALUE":0,"MAX_VALUE":0},"AGE_AT_FIRST_DIAGNOSIS":{"CATEGORY":"MALE","MIN_VALUE":27,"P10_VALUE":-9999,"P25_VALUE":41,"MEDIAN_VALUE":74,"P75_VALUE":81,"P90_VALUE":82,"MAX_VALUE":82}}
