{"PREVALENCE_BY_GENDER_AGE_YEAR":{"TRELLIS_NAME":["90-99","70-79","90-99","80-89"],"SERIES_NAME":["FEMALE","FEMALE","FEMALE","MALE"],"X_CALENDAR_YEAR":[2008,2009,2009,2010],"Y_PREVALENCE_1000PP":[38.46154,6.21118,24.39024,11.23596]},"PREVALENCE_BY_MONTH":{"X_CALENDAR_MONTH":"201001","Y_PREVALENCE_1000PP":1.07527},"LENGTH_OF_ERA":{"CATEGORY":"Length of era","MIN_VALUE":0,"P10_VALUE":-9999,"P25_VALUE":0,"MEDIAN_VALUE":0,"P75_VALUE":0,"P90_VALUE":0,"MAX_VALUE":0},"AGE_AT_FIRST_DIAGNOSIS":{"CATEGORY":["MALE","FEMALE"],"MIN_VALUE":[84,71],"P10_VALUE":[-9999,-9999],"P25_VALUE":[-9999,71],"MEDIAN_VALUE":[84,95],"P75_VALUE":[84,95],"P90_VALUE":[84,95],"MAX_VALUE":[84,95]}}
