{"PREVALENCE_BY_GENDER_AGE_YEAR":{"TRELLIS_NAME":["80-89","40-49","70-79","70-79","80-89","90-99","60-69","80-89","60-69","70-79","80-89","70-79","60-69","80-89","30-39"],"SERIES_NAME":["FEMALE","MALE","FEMALE","MALE","MALE","FEMALE","MALE","FEMALE","FEMALE","FEMALE","FEMALE","FEMALE","MALE","MALE","FEMALE"],"X_CALENDAR_YEAR":[2008,2008,2008,2008,2009,2009,2009,2009,2009,2009,2010,2010,2010,2010,2010],"Y_PREVALENCE_1000PP":[13.69863,41.66667,19.10828,5.88235,11.11111,48.78049,16.80672,6.99301,10.10101,6.21118,6.99301,6.49351,9.90099,11.23596,142.85714]},"PREVALENCE_BY_MONTH":{"X_CALENDAR_MONTH":["200901","201001"],"Y_PREVALENCE_1000PP":[1.04384,3.22581]},"LENGTH_OF_ERA":{"CATEGORY":"Length of era","MIN_VALUE":0,"P10_VALUE":0,"P25_VALUE":0,"MEDIAN_VALUE":0,"P75_VALUE":0,"P90_VALUE":0,"MAX_VALUE":0},"AGE_AT_FIRST_DIAGNOSIS":{"CATEGORY":["MALE","FEMALE"],"MIN_VALUE":[40,35],"P10_VALUE":[-9999,35],"P25_VALUE":[62,72],"MEDIAN_VALUE":[67,78],"P75_VALUE":[80,87],"P90_VALUE":[89,90],"MAX_VALUE":[89,95]}}
