{"PREVALENCE_BY_GENDER_AGE_YEAR":{"TRELLIS_NAME":["80-89","60-69","70-79","70-79","60-69","90-99","40-49","70-79","60-69","80-89","70-79","60-69","40-49","70-79"],"SERIES_NAME":["FEMALE","FEMALE","FEMALE","MALE","MALE","FEMALE","FEMALE","FEMALE","MALE","MALE","MALE","MALE","FEMALE","FEMALE"],"X_CALENDAR_YEAR":[2008,2008,2008,2008,2008,2009,2009,2009,2009,2009,2009,2010,2010,2010],"Y_PREVALENCE_1000PP":[27.39726,17.69912,6.36943,11.76471,13.33333,48.78049,142.85714,18.63354,8.40336,22.22222,5.58659,9.90099,71.42857,12.98701]},"PREVALENCE_BY_MONTH":{"X_CALENDAR_MONTH":"200801","Y_PREVALENCE_1000PP":1.02775},"LENGTH_OF_ERA":{"CATEGORY":"Length of era","MIN_VALUE":0,"P10_VALUE":0,"P25_VALUE":0,"MEDIAN_VALUE":0,"P75_VALUE":0,"P90_VALUE":0,"MAX_VALUE":1},"AGE_AT_FIRST_DIAGNOSIS":{"CATEGORY":["MALE","FEMALE"],"MIN_VALUE":[65,40],"P10_VALUE":[65,40],"P25_VALUE":[66,65],"MEDIAN_VALUE":[70,76],"P75_VALUE":[77,85],"P90_VALUE":[88,90],"MAX_VALUE":[88,93]}}
