{"PREVALENCE_BY_GENDER_AGE_YEAR":{"TRELLIS_NAME":["50-59","70-79","60-69","80-89","80-89","70-79","40-49","60-69","70-79","80-89","80-89","50-59","60-69","20-29","70-79","30-39","50-59","50-59","100-109","60-69","80-89","70-79","40-49"],"SERIES_NAME":["FEMALE","FEMALE","FEMALE","FEMALE","MALE","MALE","FEMALE","MALE","FEMALE","MALE","FEMALE","MALE","MALE","MALE","MALE","MALE","FEMALE","MALE","FEMALE","FEMALE","FEMALE","FEMALE","MALE"],"X_CALENDAR_YEAR":[2008,2008,2008,2008,2008,2008,2008,2008,2009,2009,2009,2009,2009,2009,2009,2009,2009,2010,2010,2010,2010,2010,2010],"Y_PREVALENCE_1000PP":[58.82353,19.10828,26.54867,13.69863,12.04819,17.64706,66.66667,13.33333,31.0559,11.11111,20.97902,28.57143,25.21008,142.85714,11.17318,166.66667,142.85714,31.25,1000,12.19512,6.99301,12.98701,50]},"PREVALENCE_BY_MONTH":{"X_CALENDAR_MONTH":["200801","201001"],"Y_PREVALENCE_1000PP":[1.02775,1.07527]},"LENGTH_OF_ERA":{"CATEGORY":"Length of era","MIN_VALUE":0,"P10_VALUE":0,"P25_VALUE":0,"MEDIAN_VALUE":0,"P75_VALUE":0,"P90_VALUE":0,"MAX_VALUE":9},"AGE_AT_FIRST_DIAGNOSIS":{"CATEGORY":["MALE","FEMALE"],"MIN_VALUE":[28,47],"P10_VALUE":[28,50],"P25_VALUE":[51,66],"MEDIAN_VALUE":[67,72],"P75_VALUE":[76,80],"P90_VALUE":[80,88],"MAX_VALUE":[81,100]}}
