{"PREVALENCE_BY_GENDER_AGE_YEAR":{"TRELLIS_NAME":["70-79","60-69","40-49","80-89","70-79","40-49","90-99","80-89","60-69","70-79","60-69","50-59","80-89","70-79","100-109","60-69","30-39","70-79","70-79"],"SERIES_NAME":["FEMALE","MALE","MALE","MALE","MALE","FEMALE","MALE","FEMALE","MALE","FEMALE","FEMALE","MALE","MALE","MALE","MALE","FEMALE","MALE","MALE","FEMALE"],"X_CALENDAR_YEAR":[2008,2008,2008,2008,2008,2008,2009,2009,2009,2009,2009,2009,2009,2009,2010,2010,2010,2010,2010],"Y_PREVALENCE_1000PP":[19.10828,26.66667,41.66667,12.04819,11.76471,133.33333,71.42857,20.97902,16.80672,12.42236,10.10101,28.57143,33.33333,5.58659,500,12.19512,142.85714,10.86957,12.98701]},"PREVALENCE_BY_MONTH":{"X_CALENDAR_MONTH":["200801","201001"],"Y_PREVALENCE_1000PP":[1.02775,1.07527]},"LENGTH_OF_ERA":{"CATEGORY":"Length of era","MIN_VALUE":0,"P10_VALUE":0,"P25_VALUE":0,"MEDIAN_VALUE":0,"P75_VALUE":0,"P90_VALUE":0,"MAX_VALUE":2},"AGE_AT_FIRST_DIAGNOSIS":{"CATEGORY":["MALE","FEMALE"],"MIN_VALUE":[36,43],"P10_VALUE":[48,43],"P25_VALUE":[65,67],"MEDIAN_VALUE":[71,78],"P75_VALUE":[83,79],"P90_VALUE":[95,80],"MAX_VALUE":[101,84]}}
