{"PREVALENCE_BY_GENDER_AGE_YEAR":{"TRELLIS_NAME":["80-89","60-69","90-99","70-79","50-59"],"SERIES_NAME":["FEMALE","FEMALE","MALE","MALE","FEMALE"],"X_CALENDAR_YEAR":[2008,2008,2009,2009,2010],"Y_PREVALENCE_1000PP":[6.84932,8.84956,71.42857,5.58659,71.42857]},"PREVALENCE_BY_MONTH":{"X_CALENDAR_MONTH":"200801","Y_PREVALENCE_1000PP":1.02775},"LENGTH_OF_ERA":{"CATEGORY":"Length of era","MIN_VALUE":0,"P10_VALUE":-9999,"P25_VALUE":0,"MEDIAN_VALUE":0,"P75_VALUE":0,"P90_VALUE":1,"MAX_VALUE":1},"AGE_AT_FIRST_DIAGNOSIS":{"CATEGORY":["MALE","FEMALE"],"MIN_VALUE":[74,51],"P10_VALUE":[-9999,-9999],"P25_VALUE":[-9999,51],"MEDIAN_VALUE":[74,65],"P75_VALUE":[95,83],"P90_VALUE":[95,83],"MAX_VALUE":[95,83]}}
