{"PREVALENCE_BY_GENDER_AGE_YEAR":{"TRELLIS_NAME":["60-69","80-89","80-89","70-79","50-59","60-69","70-79","70-79","70-79","30-39","50-59"],"SERIES_NAME":["FEMALE","FEMALE","MALE","FEMALE","FEMALE","MALE","MALE","FEMALE","MALE","MALE","MALE"],"X_CALENDAR_YEAR":[2008,2008,2008,2008,2009,2009,2009,2010,2010,2010,2010],"Y_PREVALENCE_1000PP":[8.84956,13.69863,12.04819,6.36943,71.42857,33.61345,5.58659,6.49351,10.86957,142.85714,31.25]},"PREVALENCE_BY_MONTH":{"X_CALENDAR_MONTH":[],"Y_PREVALENCE_1000PP":[]},"LENGTH_OF_ERA":{"CATEGORY":"Length of era","MIN_VALUE":0,"P10_VALUE":0,"P25_VALUE":0,"MEDIAN_VALUE":0,"P75_VALUE":0,"P90_VALUE":0,"MAX_VALUE":0},"AGE_AT_FIRST_DIAGNOSIS":{"CATEGORY":["MALE","FEMALE"],"MIN_VALUE":[32,58],"P10_VALUE":[32,-9999],"P25_VALUE":[52,58],"MEDIAN_VALUE":[68,70],"P75_VALUE":[74,84],"P90_VALUE":[75,88],"MAX_VALUE":[83,88]}}
