{"PREVALENCE_BY_GENDER_AGE_YEAR":{"TRELLIS_NAME":["80-89","70-79","40-49"],"SERIES_NAME":["MALE","MALE","MALE"],"X_CALENDAR_YEAR":[2008,2008,2010],"Y_PREVALENCE_1000PP":[12.04819,5.88235,50]},"PREVALENCE_BY_MONTH":{"X_CALENDAR_MONTH":"201001","Y_PREVALENCE_1000PP":1.07527},"LENGTH_OF_ERA":{"CATEGORY":"Length of era","MIN_VALUE":0,"P10_VALUE":-9999,"P25_VALUE":0,"MEDIAN_VALUE":0,"P75_VALUE":1,"P90_VALUE":1,"MAX_VALUE":1},"AGE_AT_FIRST_DIAGNOSIS":{"CATEGORY":"MALE","MIN_VALUE":45,"P10_VALUE":-9999,"P25_VALUE":45,"MEDIAN_VALUE":73,"P75_VALUE":86,"P90_VALUE":86,"MAX_VALUE":86}}
