{"PREVALENCE_BY_GENDER_AGE_YEAR":{"TRELLIS_NAME":["60-69","80-89","70-79","80-89","70-79","40-49","60-69"],"SERIES_NAME":["FEMALE","FEMALE","MALE","MALE","FEMALE","FEMALE","MALE"],"X_CALENDAR_YEAR":[2008,2008,2008,2009,2009,2009,2009],"Y_PREVALENCE_1000PP":[8.84956,6.84932,5.88235,11.11111,6.21118,71.42857,8.40336]},"PREVALENCE_BY_MONTH":{"X_CALENDAR_MONTH":[],"Y_PREVALENCE_1000PP":[]},"LENGTH_OF_ERA":{"CATEGORY":"Length of era","MIN_VALUE":0,"P10_VALUE":-9999,"P25_VALUE":0,"MEDIAN_VALUE":0,"P75_VALUE":5,"P90_VALUE":7,"MAX_VALUE":7},"AGE_AT_FIRST_DIAGNOSIS":{"CATEGORY":["MALE","FEMALE"],"MIN_VALUE":[68,42],"P10_VALUE":[-9999,-9999],"P25_VALUE":[68,42],"MEDIAN_VALUE":[70,62],"P75_VALUE":[83,73],"P90_VALUE":[83,88],"MAX_VALUE":[83,88]}}
