{"PREVALENCE_BY_GENDER_AGE_YEAR":{"TRELLIS_NAME":["60-69","70-79","70-79","20-29","70-79","60-69","70-79","60-69"],"SERIES_NAME":["FEMALE","FEMALE","MALE","FEMALE","FEMALE","MALE","MALE","MALE"],"X_CALENDAR_YEAR":[2008,2008,2008,2008,2009,2009,2010,2010],"Y_PREVALENCE_1000PP":[8.84956,12.73885,5.88235,333.33333,18.63354,8.40336,5.43478,19.80198]},"PREVALENCE_BY_MONTH":{"X_CALENDAR_MONTH":[],"Y_PREVALENCE_1000PP":[]},"LENGTH_OF_ERA":{"CATEGORY":"Length of era","MIN_VALUE":0,"P10_VALUE":0,"P25_VALUE":0,"MEDIAN_VALUE":0,"P75_VALUE":0,"P90_VALUE":0,"MAX_VALUE":0},"AGE_AT_FIRST_DIAGNOSIS":{"CATEGORY":["MALE","FEMALE"],"MIN_VALUE":[67,29],"P10_VALUE":[-9999,-9999],"P25_VALUE":[67,67],"MEDIAN_VALUE":[69,73],"P75_VALUE":[69,78],"P90_VALUE":[78,79],"MAX_VALUE":[78,79]}}
