{"PREVALENCE_BY_GENDER_AGE_YEAR":{"TRELLIS_NAME":["70-79","70-79","80-89","60-69","60-69","90-99","70-79","70-79","80-89","80-89"],"SERIES_NAME":["FEMALE","MALE","FEMALE","MALE","FEMALE","FEMALE","MALE","FEMALE","FEMALE","FEMALE"],"X_CALENDAR_YEAR":[2008,2008,2008,2008,2009,2009,2009,2009,2009,2010],"Y_PREVALENCE_1000PP":[6.36943,17.64706,6.84932,6.66667,10.10101,24.39024,5.58659,6.21118,13.98601,13.98601]},"PREVALENCE_BY_MONTH":{"X_CALENDAR_MONTH":"201001","Y_PREVALENCE_1000PP":1.07527},"LENGTH_OF_ERA":{"CATEGORY":"Length of era","MIN_VALUE":0,"P10_VALUE":0,"P25_VALUE":0,"MEDIAN_VALUE":0,"P75_VALUE":0,"P90_VALUE":0,"MAX_VALUE":9},"AGE_AT_FIRST_DIAGNOSIS":{"CATEGORY":["MALE","FEMALE"],"MIN_VALUE":[69,66],"P10_VALUE":[-9999,-9999],"P25_VALUE":[69,70],"MEDIAN_VALUE":[75,81],"P75_VALUE":[76,86],"P90_VALUE":[77,90],"MAX_VALUE":[77,90]}}
