{"PREVALENCE_BY_GENDER_AGE_YEAR":{"TRELLIS_NAME":["70-79","70-79","90-99","70-79","60-69","70-79","100-109"],"SERIES_NAME":["MALE","FEMALE","FEMALE","MALE","MALE","FEMALE","MALE"],"X_CALENDAR_YEAR":[2008,2008,2009,2009,2009,2010,2010],"Y_PREVALENCE_1000PP":[5.88235,6.36943,24.39024,16.75978,8.40336,6.49351,500]},"PREVALENCE_BY_MONTH":{"X_CALENDAR_MONTH":"200901","Y_PREVALENCE_1000PP":1.04384},"LENGTH_OF_ERA":{"CATEGORY":"Length of era","MIN_VALUE":0,"P10_VALUE":0,"P25_VALUE":0,"MEDIAN_VALUE":0,"P75_VALUE":0,"P90_VALUE":0,"MAX_VALUE":0},"AGE_AT_FIRST_DIAGNOSIS":{"CATEGORY":["MALE","FEMALE"],"MIN_VALUE":[68,70],"P10_VALUE":[-9999,-9999],"P25_VALUE":[68,70],"MEDIAN_VALUE":[73,79],"P75_VALUE":[75,93],"P90_VALUE":[101,93],"MAX_VALUE":[101,93]}}
