{"PREVALENCE_BY_GENDER_AGE_YEAR":{"TRELLIS_NAME":["40-49","70-79","80-89","80-89","70-79","50-59","80-89","60-69"],"SERIES_NAME":["MALE","MALE","MALE","FEMALE","MALE","MALE","FEMALE","MALE"],"X_CALENDAR_YEAR":[2008,2008,2009,2009,2009,2010,2010,2010],"Y_PREVALENCE_1000PP":[41.66667,5.88235,11.11111,6.99301,5.58659,31.25,6.99301,19.80198]},"PREVALENCE_BY_MONTH":{"X_CALENDAR_MONTH":"200901","Y_PREVALENCE_1000PP":1.04384},"LENGTH_OF_ERA":{"CATEGORY":"Length of era","MIN_VALUE":0,"P10_VALUE":0,"P25_VALUE":0,"MEDIAN_VALUE":0,"P75_VALUE":0,"P90_VALUE":1,"MAX_VALUE":1},"AGE_AT_FIRST_DIAGNOSIS":{"CATEGORY":["MALE","FEMALE"],"MIN_VALUE":[45,82],"P10_VALUE":[-9999,-9999],"P25_VALUE":[59,-9999],"MEDIAN_VALUE":[68,82],"P75_VALUE":[71,89],"P90_VALUE":[83,89],"MAX_VALUE":[83,89]}}
