{"PREVALENCE_BY_GENDER_AGE_YEAR":{"TRELLIS_NAME":["60-69","70-79","20-29","90-99","80-89","70-79","60-69","80-89","70-79","60-69","70-79","90-99","90-99","80-89","80-89"],"SERIES_NAME":["MALE","FEMALE","MALE","FEMALE","FEMALE","FEMALE","MALE","FEMALE","MALE","FEMALE","FEMALE","FEMALE","MALE","MALE","FEMALE"],"X_CALENDAR_YEAR":[2008,2008,2008,2008,2008,2009,2009,2009,2009,2009,2010,2010,2010,2010,2010],"Y_PREVALENCE_1000PP":[6.66667,6.36943,166.66667,38.46154,6.84932,18.63354,16.80672,6.99301,5.58659,20.20202,6.49351,19.23077,45.45455,11.23596,6.99301]},"PREVALENCE_BY_MONTH":{"X_CALENDAR_MONTH":"201001","Y_PREVALENCE_1000PP":1.07527},"LENGTH_OF_ERA":{"CATEGORY":"Length of era","MIN_VALUE":0,"P10_VALUE":0,"P25_VALUE":0,"MEDIAN_VALUE":0,"P75_VALUE":0,"P90_VALUE":0,"MAX_VALUE":0},"AGE_AT_FIRST_DIAGNOSIS":{"CATEGORY":["MALE","FEMALE"],"MIN_VALUE":[27,60],"P10_VALUE":[-9999,60],"P25_VALUE":[66,70],"MEDIAN_VALUE":[69,74],"P75_VALUE":[82,85],"P90_VALUE":[96,88],"MAX_VALUE":[96,94]}}
