{"PREVALENCE_BY_GENDER_AGE_YEAR":{"TRELLIS_NAME":["60-69","80-89","70-79","70-79","60-69","80-89","20-29","60-69","70-79","60-69","70-79","90-99"],"SERIES_NAME":["FEMALE","MALE","MALE","FEMALE","FEMALE","MALE","MALE","MALE","MALE","MALE","MALE","MALE"],"X_CALENDAR_YEAR":[2008,2008,2008,2009,2009,2009,2009,2009,2009,2010,2010,2010],"Y_PREVALENCE_1000PP":[8.84956,12.04819,5.88235,6.21118,10.10101,11.11111,142.85714,16.80672,5.58659,9.90099,10.86957,45.45455]},"PREVALENCE_BY_MONTH":{"X_CALENDAR_MONTH":"200901","Y_PREVALENCE_1000PP":1.04384},"LENGTH_OF_ERA":{"CATEGORY":"Length of era","MIN_VALUE":0,"P10_VALUE":0,"P25_VALUE":0,"MEDIAN_VALUE":0,"P75_VALUE":0,"P90_VALUE":1,"MAX_VALUE":3},"AGE_AT_FIRST_DIAGNOSIS":{"CATEGORY":["MALE","FEMALE"],"MIN_VALUE":[28,67],"P10_VALUE":[28,-9999],"P25_VALUE":[69,67],"MEDIAN_VALUE":[74,67],"P75_VALUE":[82,76],"P90_VALUE":[87,76],"MAX_VALUE":[90,76]}}
