{"PREVALENCE_BY_GENDER_AGE_YEAR":{"TRELLIS_NAME":["80-89","90-99","70-79","70-79","40-49","60-69","40-49","90-99","60-69","70-79","80-89","80-89","90-99","50-59","70-79","60-69","90-99","30-39","80-89","70-79","70-79","30-39"],"SERIES_NAME":["FEMALE","MALE","FEMALE","MALE","FEMALE","FEMALE","FEMALE","FEMALE","MALE","FEMALE","MALE","FEMALE","MALE","MALE","MALE","MALE","FEMALE","MALE","MALE","FEMALE","MALE","FEMALE"],"X_CALENDAR_YEAR":[2008,2008,2008,2008,2008,2009,2009,2009,2009,2009,2009,2009,2009,2009,2009,2010,2010,2010,2010,2010,2010,2010],"Y_PREVALENCE_1000PP":[61.64384,100,31.84713,17.64706,66.66667,20.20202,71.42857,24.39024,25.21008,18.63354,22.22222,13.98601,71.42857,28.57143,16.75978,19.80198,38.46154,142.85714,33.70787,19.48052,16.30435,142.85714]},"PREVALENCE_BY_MONTH":{"X_CALENDAR_MONTH":["200801","200901","201001"],"Y_PREVALENCE_1000PP":[2.0555,1.04384,3.22581]},"LENGTH_OF_ERA":{"CATEGORY":"Length of era","MIN_VALUE":0,"P10_VALUE":0,"P25_VALUE":0,"MEDIAN_VALUE":0,"P75_VALUE":0,"P90_VALUE":0,"MAX_VALUE":20},"AGE_AT_FIRST_DIAGNOSIS":{"CATEGORY":["MALE","FEMALE"],"MIN_VALUE":[37,36],"P10_VALUE":[57,42],"P25_VALUE":[69,71],"MEDIAN_VALUE":[77,77],"P75_VALUE":[80,82],"P90_VALUE":[89,89],"MAX_VALUE":[97,89]}}
