{"PREVALENCE_BY_GENDER_AGE_YEAR":{"TRELLIS_NAME":["80-89","80-89","60-69","60-69","80-89","60-69","50-59","80-89"],"SERIES_NAME":["MALE","FEMALE","MALE","FEMALE","FEMALE","MALE","MALE","FEMALE"],"X_CALENDAR_YEAR":[2008,2008,2008,2009,2009,2009,2010,2010],"Y_PREVALENCE_1000PP":[12.04819,6.84932,6.66667,10.10101,6.99301,8.40336,31.25,6.99301]},"PREVALENCE_BY_MONTH":{"X_CALENDAR_MONTH":[],"Y_PREVALENCE_1000PP":[]},"LENGTH_OF_ERA":{"CATEGORY":"Length of era","MIN_VALUE":0,"P10_VALUE":-9999,"P25_VALUE":0,"MEDIAN_VALUE":0,"P75_VALUE":0,"P90_VALUE":0,"MAX_VALUE":0},"AGE_AT_FIRST_DIAGNOSIS":{"CATEGORY":["MALE","FEMALE"],"MIN_VALUE":[53,67],"P10_VALUE":[-9999,-9999],"P25_VALUE":[53,67],"MEDIAN_VALUE":[67,84],"P75_VALUE":[69,85],"P90_VALUE":[86,89],"MAX_VALUE":[86,89]}}
