{"PREVALENCE_BY_GENDER_AGE_YEAR":{"TRELLIS_NAME":["70-79","60-69","90-99","50-59","80-89","80-89","70-79","30-39","80-89","80-89","70-79","70-79","90-99","90-99","80-89","70-79","90-99","90-99","80-89","40-49","60-69","70-79","60-69","40-49","50-59"],"SERIES_NAME":["FEMALE","FEMALE","FEMALE","MALE","FEMALE","MALE","MALE","FEMALE","MALE","FEMALE","MALE","FEMALE","MALE","FEMALE","FEMALE","FEMALE","FEMALE","MALE","MALE","FEMALE","FEMALE","MALE","MALE","MALE","FEMALE"],"X_CALENDAR_YEAR":[2008,2008,2008,2008,2008,2008,2008,2008,2009,2009,2009,2009,2009,2009,2010,2010,2010,2010,2010,2010,2010,2010,2010,2010,2010],"Y_PREVALENCE_1000PP":[19.10828,26.54867,38.46154,57.14286,20.54795,48.19277,29.41176,125,33.33333,20.97902,33.51955,18.63354,71.42857,48.78049,13.98601,6.49351,19.23077,45.45455,22.47191,71.42857,24.39024,10.86957,19.80198,50,142.85714]},"PREVALENCE_BY_MONTH":{"X_CALENDAR_MONTH":["200801","201001"],"Y_PREVALENCE_1000PP":[1.02775,2.15054]},"LENGTH_OF_ERA":{"CATEGORY":"Length of era","MIN_VALUE":0,"P10_VALUE":0,"P25_VALUE":0,"MEDIAN_VALUE":0,"P75_VALUE":0,"P90_VALUE":0,"MAX_VALUE":9},"AGE_AT_FIRST_DIAGNOSIS":{"CATEGORY":["MALE","FEMALE"],"MIN_VALUE":[45,39],"P10_VALUE":[57,42],"P25_VALUE":[73,67],"MEDIAN_VALUE":[78,77],"P75_VALUE":[83,84],"P90_VALUE":[89,91],"MAX_VALUE":[96,98]}}
