{"PREVALENCE_BY_GENDER_AGE_YEAR":{"TRELLIS_NAME":["90-99","60-69","70-79"],"SERIES_NAME":["FEMALE","FEMALE","FEMALE"],"X_CALENDAR_YEAR":[2008,2009,2010],"Y_PREVALENCE_1000PP":[38.46154,10.10101,6.49351]},"PREVALENCE_BY_MONTH":{"X_CALENDAR_MONTH":[],"Y_PREVALENCE_1000PP":[]},"LENGTH_OF_ERA":{"CATEGORY":"Length of era","MIN_VALUE":0,"P10_VALUE":-9999,"P25_VALUE":0,"MEDIAN_VALUE":0,"P75_VALUE":0,"P90_VALUE":0,"MAX_VALUE":0},"AGE_AT_FIRST_DIAGNOSIS":{"CATEGORY":"FEMALE","MIN_VALUE":66,"P10_VALUE":-9999,"P25_VALUE":66,"MEDIAN_VALUE":73,"P75_VALUE":94,"P90_VALUE":94,"MAX_VALUE":94}}
