{"PREVALENCE_BY_GENDER_AGE_YEAR":{"TRELLIS_NAME":["60-69","70-79","80-89","60-69","80-89","70-79","80-89","60-69","80-89","90-99","70-79","70-79"],"SERIES_NAME":["FEMALE","FEMALE","MALE","MALE","FEMALE","MALE","MALE","FEMALE","FEMALE","MALE","FEMALE","MALE"],"X_CALENDAR_YEAR":[2008,2008,2008,2008,2009,2009,2009,2010,2010,2010,2010,2010],"Y_PREVALENCE_1000PP":[8.84956,6.36943,12.04819,6.66667,6.99301,11.17318,11.11111,12.19512,6.99301,45.45455,12.98701,5.43478]},"PREVALENCE_BY_MONTH":{"X_CALENDAR_MONTH":"200901","Y_PREVALENCE_1000PP":1.04384},"LENGTH_OF_ERA":{"CATEGORY":"Length of era","MIN_VALUE":0,"P10_VALUE":0,"P25_VALUE":0,"MEDIAN_VALUE":0,"P75_VALUE":0,"P90_VALUE":0,"MAX_VALUE":0},"AGE_AT_FIRST_DIAGNOSIS":{"CATEGORY":["MALE","FEMALE"],"MIN_VALUE":[64,61],"P10_VALUE":[-9999,-9999],"P25_VALUE":[75,62],"MEDIAN_VALUE":[78,78],"P75_VALUE":[88,84],"P90_VALUE":[90,89],"MAX_VALUE":[90,89]}}
