{"PREVALENCE_BY_GENDER_AGE_YEAR":{"TRELLIS_NAME":["70-79","80-89","60-69","90-99"],"SERIES_NAME":["FEMALE","MALE","FEMALE","FEMALE"],"X_CALENDAR_YEAR":[2009,2009,2010,2010],"Y_PREVALENCE_1000PP":[6.21118,22.22222,12.19512,19.23077]},"PREVALENCE_BY_MONTH":{"X_CALENDAR_MONTH":[],"Y_PREVALENCE_1000PP":[]},"LENGTH_OF_ERA":{"CATEGORY":"Length of era","MIN_VALUE":0,"P10_VALUE":-9999,"P25_VALUE":0,"MEDIAN_VALUE":0,"P75_VALUE":0,"P90_VALUE":1,"MAX_VALUE":1},"AGE_AT_FIRST_DIAGNOSIS":{"CATEGORY":["MALE","FEMALE"],"MIN_VALUE":[83,61],"P10_VALUE":[-9999,-9999],"P25_VALUE":[-9999,61],"MEDIAN_VALUE":[83,70],"P75_VALUE":[83,90],"P90_VALUE":[83,90],"MAX_VALUE":[83,90]}}
