{"PREVALENCE_BY_GENDER_AGE_YEAR":{"TRELLIS_NAME":["60-69","70-79","30-39","60-69","70-79"],"SERIES_NAME":["MALE","FEMALE","MALE","FEMALE","MALE"],"X_CALENDAR_YEAR":[2008,2009,2010,2010,2010],"Y_PREVALENCE_1000PP":[6.66667,6.21118,142.85714,12.19512,5.43478]},"PREVALENCE_BY_MONTH":{"X_CALENDAR_MONTH":[],"Y_PREVALENCE_1000PP":[]},"LENGTH_OF_ERA":{"CATEGORY":"Length of era","MIN_VALUE":0,"P10_VALUE":-9999,"P25_VALUE":0,"MEDIAN_VALUE":0,"P75_VALUE":0,"P90_VALUE":4,"MAX_VALUE":4},"AGE_AT_FIRST_DIAGNOSIS":{"CATEGORY":["MALE","FEMALE"],"MIN_VALUE":[36,69],"P10_VALUE":[-9999,-9999],"P25_VALUE":[36,-9999],"MEDIAN_VALUE":[69,69],"P75_VALUE":[73,77],"P90_VALUE":[73,77],"MAX_VALUE":[73,77]}}
