{"PREVALENCE_BY_GENDER_AGE_YEAR":{"TRELLIS_NAME":["60-69","80-89","70-79","60-69","60-69","60-69","70-79","80-89","40-49","70-79","60-69"],"SERIES_NAME":["FEMALE","FEMALE","MALE","MALE","FEMALE","MALE","FEMALE","FEMALE","MALE","FEMALE","FEMALE"],"X_CALENDAR_YEAR":[2008,2008,2008,2008,2009,2009,2009,2009,2010,2010,2010],"Y_PREVALENCE_1000PP":[8.84956,6.84932,11.76471,13.33333,10.10101,8.40336,6.21118,6.99301,50,6.49351,12.19512]},"PREVALENCE_BY_MONTH":{"X_CALENDAR_MONTH":["200801","201001"],"Y_PREVALENCE_1000PP":[1.02775,1.07527]},"LENGTH_OF_ERA":{"CATEGORY":"Length of era","MIN_VALUE":0,"P10_VALUE":0,"P25_VALUE":0,"MEDIAN_VALUE":0,"P75_VALUE":0,"P90_VALUE":0,"MAX_VALUE":0},"AGE_AT_FIRST_DIAGNOSIS":{"CATEGORY":["MALE","FEMALE"],"MIN_VALUE":[40,61],"P10_VALUE":[-9999,-9999],"P25_VALUE":[40,66],"MEDIAN_VALUE":[69,75],"P75_VALUE":[70,81],"P90_VALUE":[74,83],"MAX_VALUE":[74,83]}}
