{"PREVALENCE_BY_GENDER_AGE_YEAR":{"TRELLIS_NAME":["70-79","80-89","90-99","70-79","80-89","90-99","60-69"],"SERIES_NAME":["FEMALE","MALE","MALE","FEMALE","FEMALE","MALE","MALE"],"X_CALENDAR_YEAR":[2008,2008,2009,2009,2010,2010,2010],"Y_PREVALENCE_1000PP":[6.36943,12.04819,71.42857,12.42236,6.99301,45.45455,9.90099]},"PREVALENCE_BY_MONTH":{"X_CALENDAR_MONTH":[],"Y_PREVALENCE_1000PP":[]},"LENGTH_OF_ERA":{"CATEGORY":"Length of era","MIN_VALUE":0,"P10_VALUE":-9999,"P25_VALUE":0,"MEDIAN_VALUE":0,"P75_VALUE":2,"P90_VALUE":5,"MAX_VALUE":5},"AGE_AT_FIRST_DIAGNOSIS":{"CATEGORY":["MALE","FEMALE"],"MIN_VALUE":[68,72],"P10_VALUE":[-9999,-9999],"P25_VALUE":[68,72],"MEDIAN_VALUE":[87,74],"P75_VALUE":[95,76],"P90_VALUE":[95,84],"MAX_VALUE":[95,84]}}
