{"PREVALENCE_BY_GENDER_AGE_YEAR":{"TRELLIS_NAME":["80-89","80-89","70-79","70-79","70-79","70-79","70-79","80-89","70-79","80-89"],"SERIES_NAME":["MALE","FEMALE","MALE","FEMALE","FEMALE","MALE","FEMALE","FEMALE","MALE","MALE"],"X_CALENDAR_YEAR":[2008,2008,2008,2008,2009,2009,2010,2010,2010,2010],"Y_PREVALENCE_1000PP":[12.04819,6.84932,5.88235,6.36943,12.42236,5.58659,6.49351,6.99301,5.43478,11.23596]},"PREVALENCE_BY_MONTH":{"X_CALENDAR_MONTH":"201001","Y_PREVALENCE_1000PP":2.15054},"LENGTH_OF_ERA":{"CATEGORY":"Length of era","MIN_VALUE":0,"P10_VALUE":0,"P25_VALUE":0,"MEDIAN_VALUE":0,"P75_VALUE":0,"P90_VALUE":0,"MAX_VALUE":0},"AGE_AT_FIRST_DIAGNOSIS":{"CATEGORY":["MALE","FEMALE"],"MIN_VALUE":[70,70],"P10_VALUE":[-9999,-9999],"P25_VALUE":[70,70],"MEDIAN_VALUE":[73,74],"P75_VALUE":[80,87],"P90_VALUE":[85,88],"MAX_VALUE":[85,88]}}
