{"PREVALENCE_BY_GENDER_AGE_YEAR":{"TRELLIS_NAME":["70-79","80-89","80-89","30-39","60-69","80-89","80-89","90-99","70-79","50-59","60-69"],"SERIES_NAME":["FEMALE","MALE","FEMALE","FEMALE","MALE","FEMALE","MALE","FEMALE","MALE","MALE","MALE"],"X_CALENDAR_YEAR":[2008,2008,2008,2008,2008,2009,2009,2009,2009,2009,2010],"Y_PREVALENCE_1000PP":[6.36943,36.14458,6.84932,125,6.66667,27.97203,11.11111,24.39024,5.58659,28.57143,9.90099]},"PREVALENCE_BY_MONTH":{"X_CALENDAR_MONTH":"200901","Y_PREVALENCE_1000PP":3.13152},"LENGTH_OF_ERA":{"CATEGORY":"Length of era","MIN_VALUE":0,"P10_VALUE":0,"P25_VALUE":0,"MEDIAN_VALUE":0,"P75_VALUE":0,"P90_VALUE":0,"MAX_VALUE":13},"AGE_AT_FIRST_DIAGNOSIS":{"CATEGORY":["MALE","FEMALE"],"MIN_VALUE":[56,36],"P10_VALUE":[-9999,-9999],"P25_VALUE":[63,77],"MEDIAN_VALUE":[72,81],"P75_VALUE":[83,84],"P90_VALUE":[89,90],"MAX_VALUE":[89,90]}}
