{"PREVALENCE_BY_GENDER_AGE_YEAR":{"TRELLIS_NAME":["80-89","60-69","60-69","50-59","70-79","50-59","70-79","70-79","80-89","60-69","40-49","70-79","80-89"],"SERIES_NAME":["FEMALE","MALE","FEMALE","MALE","MALE","MALE","MALE","FEMALE","FEMALE","MALE","MALE","MALE","MALE"],"X_CALENDAR_YEAR":[2008,2008,2008,2008,2008,2009,2009,2010,2010,2010,2010,2010,2010],"Y_PREVALENCE_1000PP":[6.84932,6.66667,8.84956,28.57143,5.88235,28.57143,5.58659,6.49351,6.99301,9.90099,50,16.30435,11.23596]},"PREVALENCE_BY_MONTH":{"X_CALENDAR_MONTH":[],"Y_PREVALENCE_1000PP":[]},"LENGTH_OF_ERA":{"CATEGORY":"Length of era","MIN_VALUE":0,"P10_VALUE":0,"P25_VALUE":0,"MEDIAN_VALUE":0,"P75_VALUE":0,"P90_VALUE":0,"MAX_VALUE":0},"AGE_AT_FIRST_DIAGNOSIS":{"CATEGORY":["MALE","FEMALE"],"MIN_VALUE":[42,66],"P10_VALUE":[42,-9999],"P25_VALUE":[56,66],"MEDIAN_VALUE":[70,72],"P75_VALUE":[78,83],"P90_VALUE":[79,85],"MAX_VALUE":[86,85]}}
