{"PREVALENCE_BY_GENDER_AGE_YEAR":{"TRELLIS_NAME":["70-79","80-89","70-79","80-89","40-49"],"SERIES_NAME":["MALE","FEMALE","FEMALE","FEMALE","MALE"],"X_CALENDAR_YEAR":[2008,2008,2009,2009,2010],"Y_PREVALENCE_1000PP":[5.88235,6.84932,6.21118,6.99301,50]},"PREVALENCE_BY_MONTH":{"X_CALENDAR_MONTH":"201001","Y_PREVALENCE_1000PP":1.07527},"LENGTH_OF_ERA":{"CATEGORY":"Length of era","MIN_VALUE":0,"P10_VALUE":-9999,"P25_VALUE":0,"MEDIAN_VALUE":0,"P75_VALUE":0,"P90_VALUE":0,"MAX_VALUE":0},"AGE_AT_FIRST_DIAGNOSIS":{"CATEGORY":["MALE","FEMALE"],"MIN_VALUE":[43,71],"P10_VALUE":[-9999,-9999],"P25_VALUE":[-9999,71],"MEDIAN_VALUE":[43,81],"P75_VALUE":[72,82],"P90_VALUE":[72,82],"MAX_VALUE":[72,82]}}
