{"PREVALENCE_BY_GENDER_AGE_YEAR":{"TRELLIS_NAME":["70-79","40-49","60-69","80-89","70-79","80-89","60-69","70-79","40-49","80-89","70-79","90-99"],"SERIES_NAME":["FEMALE","MALE","FEMALE","MALE","MALE","FEMALE","MALE","FEMALE","MALE","MALE","MALE","FEMALE"],"X_CALENDAR_YEAR":[2008,2008,2008,2008,2008,2009,2009,2009,2009,2009,2010,2010],"Y_PREVALENCE_1000PP":[6.36943,41.66667,26.54867,24.09639,5.88235,20.97902,8.40336,12.42236,41.66667,11.11111,5.43478,38.46154]},"PREVALENCE_BY_MONTH":{"X_CALENDAR_MONTH":"201001","Y_PREVALENCE_1000PP":1.07527},"LENGTH_OF_ERA":{"CATEGORY":"Length of era","MIN_VALUE":0,"P10_VALUE":0,"P25_VALUE":0,"MEDIAN_VALUE":0,"P75_VALUE":0,"P90_VALUE":0,"MAX_VALUE":0},"AGE_AT_FIRST_DIAGNOSIS":{"CATEGORY":["MALE","FEMALE"],"MIN_VALUE":[45,65],"P10_VALUE":[-9999,65],"P25_VALUE":[48,67],"MEDIAN_VALUE":[75,77],"P75_VALUE":[81,87],"P90_VALUE":[87,94],"MAX_VALUE":[87,94]}}
