{"PREVALENCE_BY_GENDER_AGE_YEAR":{"TRELLIS_NAME":["70-79","80-89","80-89","80-89","60-69"],"SERIES_NAME":["MALE","FEMALE","FEMALE","MALE","FEMALE"],"X_CALENDAR_YEAR":[2009,2009,2010,2010,2010],"Y_PREVALENCE_1000PP":[5.58659,6.99301,6.99301,11.23596,12.19512]},"PREVALENCE_BY_MONTH":{"X_CALENDAR_MONTH":"200901","Y_PREVALENCE_1000PP":1.04384},"LENGTH_OF_ERA":{"CATEGORY":"Length of era","MIN_VALUE":0,"P10_VALUE":-9999,"P25_VALUE":0,"MEDIAN_VALUE":0,"P75_VALUE":0,"P90_VALUE":1,"MAX_VALUE":1},"AGE_AT_FIRST_DIAGNOSIS":{"CATEGORY":["MALE","FEMALE"],"MIN_VALUE":[70,69],"P10_VALUE":[-9999,-9999],"P25_VALUE":[-9999,69],"MEDIAN_VALUE":[70,85],"P75_VALUE":[87,89],"P90_VALUE":[87,89],"MAX_VALUE":[87,89]}}
