{"PREVALENCE_BY_GENDER_AGE_YEAR":{"TRELLIS_NAME":["70-79","60-69","70-79","80-89","80-89"],"SERIES_NAME":["MALE","MALE","MALE","MALE","FEMALE"],"X_CALENDAR_YEAR":[2008,2009,2009,2010,2010],"Y_PREVALENCE_1000PP":[5.88235,8.40336,5.58659,11.23596,6.99301]},"PREVALENCE_BY_MONTH":{"X_CALENDAR_MONTH":[],"Y_PREVALENCE_1000PP":[]},"LENGTH_OF_ERA":{"CATEGORY":"Length of era","MIN_VALUE":0,"P10_VALUE":-9999,"P25_VALUE":0,"MEDIAN_VALUE":0,"P75_VALUE":0,"P90_VALUE":0,"MAX_VALUE":0},"AGE_AT_FIRST_DIAGNOSIS":{"CATEGORY":["MALE","FEMALE"],"MIN_VALUE":[67,87],"P10_VALUE":[-9999,-9999],"P25_VALUE":[67,-9999],"MEDIAN_VALUE":[75,87],"P75_VALUE":[75,87],"P90_VALUE":[80,87],"MAX_VALUE":[80,87]}}
