{"PREVALENCE_BY_GENDER_AGE_YEAR":{"TRELLIS_NAME":["30-39","60-69"],"SERIES_NAME":["FEMALE","FEMALE"],"X_CALENDAR_YEAR":[2010,2010],"Y_PREVALENCE_1000PP":[142.85714,24.39024]},"PREVALENCE_BY_MONTH":{"X_CALENDAR_MONTH":[],"Y_PREVALENCE_1000PP":[]},"LENGTH_OF_ERA":{"CATEGORY":"Length of era","MIN_VALUE":0,"P10_VALUE":-9999,"P25_VALUE":0,"MEDIAN_VALUE":0,"P75_VALUE":15,"P90_VALUE":15,"MAX_VALUE":15},"AGE_AT_FIRST_DIAGNOSIS":{"CATEGORY":"FEMALE","MIN_VALUE":35,"P10_VALUE":-9999,"P25_VALUE":35,"MEDIAN_VALUE":61,"P75_VALUE":67,"P90_VALUE":67,"MAX_VALUE":67}}
