{"PREVALENCE_BY_GENDER_AGE_YEAR":{"TRELLIS_NAME":["40-49","60-69","90-99","70-79","40-49","60-69","80-89","30-39","60-69","70-79","70-79","60-69"],"SERIES_NAME":["MALE","FEMALE","MALE","MALE","FEMALE","MALE","FEMALE","MALE","FEMALE","MALE","MALE","MALE"],"X_CALENDAR_YEAR":[2008,2008,2008,2008,2008,2008,2009,2009,2009,2009,2010,2010],"Y_PREVALENCE_1000PP":[41.66667,8.84956,100,5.88235,66.66667,6.66667,13.98601,166.66667,10.10101,5.58659,5.43478,9.90099]},"PREVALENCE_BY_MONTH":{"X_CALENDAR_MONTH":[],"Y_PREVALENCE_1000PP":[]},"LENGTH_OF_ERA":{"CATEGORY":"Length of era","MIN_VALUE":0,"P10_VALUE":0,"P25_VALUE":0,"MEDIAN_VALUE":0,"P75_VALUE":0,"P90_VALUE":0,"MAX_VALUE":20},"AGE_AT_FIRST_DIAGNOSIS":{"CATEGORY":["MALE","FEMALE"],"MIN_VALUE":[31,40],"P10_VALUE":[-9999,-9999],"P25_VALUE":[40,40],"MEDIAN_VALUE":[63,66],"P75_VALUE":[76,85],"P90_VALUE":[99,89],"MAX_VALUE":[99,89]}}
