{"PREVALENCE_BY_GENDER_AGE_YEAR":{"TRELLIS_NAME":["30-39","90-99","80-89","70-79"],"SERIES_NAME":["FEMALE","FEMALE","FEMALE","MALE"],"X_CALENDAR_YEAR":[2008,2009,2010,2010],"Y_PREVALENCE_1000PP":[125,24.39024,6.99301,5.43478]},"PREVALENCE_BY_MONTH":{"X_CALENDAR_MONTH":"201001","Y_PREVALENCE_1000PP":1.07527},"LENGTH_OF_ERA":{"CATEGORY":"Length of era","MIN_VALUE":0,"P10_VALUE":-9999,"P25_VALUE":0,"MEDIAN_VALUE":0,"P75_VALUE":0,"P90_VALUE":0,"MAX_VALUE":0},"AGE_AT_FIRST_DIAGNOSIS":{"CATEGORY":["MALE","FEMALE"],"MIN_VALUE":[75,33],"P10_VALUE":[-9999,-9999],"P25_VALUE":[-9999,33],"MEDIAN_VALUE":[75,81],"P75_VALUE":[75,90],"P90_VALUE":[75,90],"MAX_VALUE":[75,90]}}
