{"PREVALENCE_BY_GENDER_AGE_YEAR":{"TRELLIS_NAME":["70-79","70-79","80-89","70-79","40-49","60-69","70-79","80-89","90-99","60-69","80-89","40-49","70-79","30-39"],"SERIES_NAME":["MALE","FEMALE","FEMALE","FEMALE","MALE","FEMALE","MALE","MALE","MALE","FEMALE","FEMALE","MALE","MALE","FEMALE"],"X_CALENDAR_YEAR":[2008,2008,2008,2009,2009,2009,2009,2009,2009,2010,2010,2010,2010,2010],"Y_PREVALENCE_1000PP":[11.76471,12.73885,34.24658,31.0559,41.66667,30.30303,16.75978,22.22222,71.42857,12.19512,6.99301,50,5.43478,142.85714]},"PREVALENCE_BY_MONTH":{"X_CALENDAR_MONTH":["200901","201001"],"Y_PREVALENCE_1000PP":[2.08768,1.07527]},"LENGTH_OF_ERA":{"CATEGORY":"Length of era","MIN_VALUE":0,"P10_VALUE":0,"P25_VALUE":0,"MEDIAN_VALUE":0,"P75_VALUE":0,"P90_VALUE":7,"MAX_VALUE":20},"AGE_AT_FIRST_DIAGNOSIS":{"CATEGORY":["MALE","FEMALE"],"MIN_VALUE":[42,38],"P10_VALUE":[42,38],"P25_VALUE":[70,67],"MEDIAN_VALUE":[72,73],"P75_VALUE":[83,83],"P90_VALUE":[88,85],"MAX_VALUE":[98,89]}}
