{"PREVALENCE_BY_GENDER_AGE_YEAR":{"TRELLIS_NAME":["50-59","80-89","70-79","60-69","80-89"],"SERIES_NAME":["MALE","FEMALE","MALE","MALE","MALE"],"X_CALENDAR_YEAR":[2008,2008,2008,2009,2010],"Y_PREVALENCE_1000PP":[28.57143,6.84932,5.88235,8.40336,11.23596]},"PREVALENCE_BY_MONTH":{"X_CALENDAR_MONTH":[],"Y_PREVALENCE_1000PP":[]},"LENGTH_OF_ERA":{"CATEGORY":"Length of era","MIN_VALUE":0,"P10_VALUE":-9999,"P25_VALUE":0,"MEDIAN_VALUE":0,"P75_VALUE":0,"P90_VALUE":0,"MAX_VALUE":0},"AGE_AT_FIRST_DIAGNOSIS":{"CATEGORY":["MALE","FEMALE"],"MIN_VALUE":[55,84],"P10_VALUE":[-9999,-9999],"P25_VALUE":[55,-9999],"MEDIAN_VALUE":[62,84],"P75_VALUE":[73,84],"P90_VALUE":[84,84],"MAX_VALUE":[84,84]}}
