{"PREVALENCE_BY_GENDER_AGE_YEAR":{"TRELLIS_NAME":["80-89","70-79","60-69","80-89","60-69"],"SERIES_NAME":["FEMALE","FEMALE","MALE","FEMALE","FEMALE"],"X_CALENDAR_YEAR":[2008,2009,2009,2009,2009],"Y_PREVALENCE_1000PP":[6.84932,6.21118,16.80672,6.99301,10.10101]},"PREVALENCE_BY_MONTH":{"X_CALENDAR_MONTH":"200901","Y_PREVALENCE_1000PP":1.04384},"LENGTH_OF_ERA":{"CATEGORY":"Length of era","MIN_VALUE":0,"P10_VALUE":-9999,"P25_VALUE":0,"MEDIAN_VALUE":0,"P75_VALUE":0,"P90_VALUE":0,"MAX_VALUE":0},"AGE_AT_FIRST_DIAGNOSIS":{"CATEGORY":["MALE","FEMALE"],"MIN_VALUE":[68,67],"P10_VALUE":[-9999,-9999],"P25_VALUE":[-9999,67],"MEDIAN_VALUE":[68,78],"P75_VALUE":[69,86],"P90_VALUE":[69,88],"MAX_VALUE":[69,88]}}
