{"PREVALENCE_BY_GENDER_AGE_YEAR":{"TRELLIS_NAME":["60-69","70-79","80-89"],"SERIES_NAME":["FEMALE","FEMALE","FEMALE"],"X_CALENDAR_YEAR":[2008,2009,2009],"Y_PREVALENCE_1000PP":[8.84956,6.21118,6.99301]},"PREVALENCE_BY_MONTH":{"X_CALENDAR_MONTH":"200901","Y_PREVALENCE_1000PP":1.04384},"LENGTH_OF_ERA":{"CATEGORY":"Length of era","MIN_VALUE":0,"P10_VALUE":-9999,"P25_VALUE":0,"MEDIAN_VALUE":0,"P75_VALUE":0,"P90_VALUE":0,"MAX_VALUE":0},"AGE_AT_FIRST_DIAGNOSIS":{"CATEGORY":"FEMALE","MIN_VALUE":62,"P10_VALUE":-9999,"P25_VALUE":62,"MEDIAN_VALUE":75,"P75_VALUE":82,"P90_VALUE":82,"MAX_VALUE":82}}
