{"PREVALENCE_BY_GENDER_AGE_YEAR":{"TRELLIS_NAME":["70-79","60-69","80-89","80-89","70-79","60-69","60-69","70-79","60-69","80-89","80-89","90-99","70-79","70-79","80-89","90-99","60-69","20-29","80-89"],"SERIES_NAME":["FEMALE","FEMALE","FEMALE","MALE","MALE","MALE","MALE","FEMALE","FEMALE","FEMALE","MALE","FEMALE","MALE","FEMALE","FEMALE","MALE","MALE","MALE","MALE"],"X_CALENDAR_YEAR":[2008,2008,2008,2008,2008,2008,2009,2009,2009,2009,2009,2009,2009,2010,2010,2010,2010,2010,2010],"Y_PREVALENCE_1000PP":[25.47771,35.39823,6.84932,12.04819,17.64706,20,8.40336,24.84472,10.10101,13.98601,22.22222,24.39024,22.34637,12.98701,20.97902,90.90909,9.90099,200,33.70787]},"PREVALENCE_BY_MONTH":{"X_CALENDAR_MONTH":["200801","201001"],"Y_PREVALENCE_1000PP":[2.0555,1.07527]},"LENGTH_OF_ERA":{"CATEGORY":"Length of era","MIN_VALUE":0,"P10_VALUE":0,"P25_VALUE":0,"MEDIAN_VALUE":0,"P75_VALUE":0,"P90_VALUE":0,"MAX_VALUE":0},"AGE_AT_FIRST_DIAGNOSIS":{"CATEGORY":["MALE","FEMALE"],"MIN_VALUE":[29,62],"P10_VALUE":[64,66],"P25_VALUE":[69,69],"MEDIAN_VALUE":[76,77],"P75_VALUE":[82,80],"P90_VALUE":[89,87],"MAX_VALUE":[96,90]}}
