{"PREVALENCE_BY_GENDER_AGE_YEAR":{"TRELLIS_NAME":["60-69","80-89","80-89","60-69","70-79","80-89"],"SERIES_NAME":["MALE","MALE","MALE","MALE","MALE","MALE"],"X_CALENDAR_YEAR":[2008,2008,2009,2009,2009,2010],"Y_PREVALENCE_1000PP":[6.66667,12.04819,11.11111,8.40336,5.58659,11.23596]},"PREVALENCE_BY_MONTH":{"X_CALENDAR_MONTH":[],"Y_PREVALENCE_1000PP":[]},"LENGTH_OF_ERA":{"CATEGORY":"Length of era","MIN_VALUE":0,"P10_VALUE":-9999,"P25_VALUE":0,"MEDIAN_VALUE":0,"P75_VALUE":6,"P90_VALUE":19,"MAX_VALUE":19},"AGE_AT_FIRST_DIAGNOSIS":{"CATEGORY":"MALE","MIN_VALUE":61,"P10_VALUE":-9999,"P25_VALUE":61,"MEDIAN_VALUE":74,"P75_VALUE":85,"P90_VALUE":89,"MAX_VALUE":89}}
