{"PREVALENCE_BY_GENDER_AGE_YEAR":{"TRELLIS_NAME":["80-89","60-69","80-89","90-99","70-79","40-49","80-89","80-89","60-69","60-69","70-79","60-69"],"SERIES_NAME":["FEMALE","FEMALE","MALE","MALE","MALE","FEMALE","MALE","FEMALE","MALE","FEMALE","MALE","FEMALE"],"X_CALENDAR_YEAR":[2008,2008,2008,2008,2008,2008,2009,2009,2009,2009,2010,2010],"Y_PREVALENCE_1000PP":[6.84932,8.84956,12.04819,100,11.76471,66.66667,11.11111,6.99301,8.40336,10.10101,5.43478,12.19512]},"PREVALENCE_BY_MONTH":{"X_CALENDAR_MONTH":["200801","201001"],"Y_PREVALENCE_1000PP":[1.02775,1.07527]},"LENGTH_OF_ERA":{"CATEGORY":"Length of era","MIN_VALUE":0,"P10_VALUE":0,"P25_VALUE":0,"MEDIAN_VALUE":0,"P75_VALUE":0,"P90_VALUE":1,"MAX_VALUE":4},"AGE_AT_FIRST_DIAGNOSIS":{"CATEGORY":["MALE","FEMALE"],"MIN_VALUE":[66,49],"P10_VALUE":[-9999,-9999],"P25_VALUE":[70,49],"MEDIAN_VALUE":[75,65],"P75_VALUE":[88,81],"P90_VALUE":[97,82],"MAX_VALUE":[97,82]}}
