{"PREVALENCE_BY_GENDER_AGE_YEAR":{"TRELLIS_NAME":["80-89","60-69","90-99","70-79","70-79","70-79","50-59","80-89","40-49","70-79","80-89","40-49","100-109","60-69","90-99","80-89","60-69","70-79"],"SERIES_NAME":["FEMALE","FEMALE","FEMALE","MALE","FEMALE","FEMALE","FEMALE","FEMALE","FEMALE","MALE","MALE","FEMALE","FEMALE","FEMALE","FEMALE","MALE","MALE","FEMALE"],"X_CALENDAR_YEAR":[2008,2008,2008,2008,2008,2009,2009,2009,2009,2009,2009,2010,2010,2010,2010,2010,2010,2010],"Y_PREVALENCE_1000PP":[20.54795,8.84956,38.46154,11.76471,12.73885,24.84472,71.42857,6.99301,71.42857,39.10615,11.11111,71.42857,1000,12.19512,19.23077,11.23596,9.90099,6.49351]},"PREVALENCE_BY_MONTH":{"X_CALENDAR_MONTH":["200801","200901","201001"],"Y_PREVALENCE_1000PP":[1.02775,2.08768,2.15054]},"LENGTH_OF_ERA":{"CATEGORY":"Length of era","MIN_VALUE":0,"P10_VALUE":0,"P25_VALUE":0,"MEDIAN_VALUE":0,"P75_VALUE":0,"P90_VALUE":0,"MAX_VALUE":3},"AGE_AT_FIRST_DIAGNOSIS":{"CATEGORY":["MALE","FEMALE"],"MIN_VALUE":[60,43],"P10_VALUE":[60,43],"P25_VALUE":[73,69],"MEDIAN_VALUE":[76,77],"P75_VALUE":[78,85],"P90_VALUE":[80,92],"MAX_VALUE":[89,100]}}
