{"PREVALENCE_BY_GENDER_AGE_YEAR":{"TRELLIS_NAME":["70-79","70-79","40-49","60-69"],"SERIES_NAME":["MALE","FEMALE","MALE","FEMALE"],"X_CALENDAR_YEAR":[2008,2009,2009,2010],"Y_PREVALENCE_1000PP":[5.88235,6.21118,41.66667,12.19512]},"PREVALENCE_BY_MONTH":{"X_CALENDAR_MONTH":[],"Y_PREVALENCE_1000PP":[]},"LENGTH_OF_ERA":{"CATEGORY":"Length of era","MIN_VALUE":0,"P10_VALUE":-9999,"P25_VALUE":0,"MEDIAN_VALUE":0,"P75_VALUE":0,"P90_VALUE":0,"MAX_VALUE":0},"AGE_AT_FIRST_DIAGNOSIS":{"CATEGORY":["MALE","FEMALE"],"MIN_VALUE":[44,68],"P10_VALUE":[-9999,-9999],"P25_VALUE":[-9999,-9999],"MEDIAN_VALUE":[44,68],"P75_VALUE":[73,79],"P90_VALUE":[73,79],"MAX_VALUE":[73,79]}}
