{"PREVALENCE_BY_GENDER_AGE_YEAR":{"TRELLIS_NAME":["70-79","80-89"],"SERIES_NAME":["MALE","MALE"],"X_CALENDAR_YEAR":[2008,2009],"Y_PREVALENCE_1000PP":[5.88235,11.11111]},"PREVALENCE_BY_MONTH":{"X_CALENDAR_MONTH":[],"Y_PREVALENCE_1000PP":[]},"LENGTH_OF_ERA":{"CATEGORY":"Length of era","MIN_VALUE":0,"P10_VALUE":-9999,"P25_VALUE":-9999,"MEDIAN_VALUE":0,"P75_VALUE":0,"P90_VALUE":0,"MAX_VALUE":0},"AGE_AT_FIRST_DIAGNOSIS":{"CATEGORY":"MALE","MIN_VALUE":75,"P10_VALUE":-9999,"P25_VALUE":-9999,"MEDIAN_VALUE":75,"P75_VALUE":80,"P90_VALUE":80,"MAX_VALUE":80}}
