{"PREVALENCE_BY_GENDER_AGE_YEAR":{"TRELLIS_NAME":["60-69","80-89","80-89","90-99","70-79","60-69","70-79","50-59","80-89","80-89","90-99","70-79","60-69","70-79","90-99","60-69","60-69"],"SERIES_NAME":["FEMALE","FEMALE","MALE","MALE","MALE","FEMALE","FEMALE","MALE","FEMALE","MALE","FEMALE","MALE","MALE","MALE","FEMALE","FEMALE","MALE"],"X_CALENDAR_YEAR":[2008,2008,2008,2008,2008,2009,2009,2009,2009,2009,2009,2009,2009,2010,2010,2010,2010],"Y_PREVALENCE_1000PP":[8.84956,6.84932,12.04819,100,11.76471,20.20202,12.42236,28.57143,6.99301,11.11111,24.39024,16.75978,16.80672,16.30435,19.23077,12.19512,9.90099]},"PREVALENCE_BY_MONTH":{"X_CALENDAR_MONTH":"201001","Y_PREVALENCE_1000PP":2.15054},"LENGTH_OF_ERA":{"CATEGORY":"Length of era","MIN_VALUE":0,"P10_VALUE":0,"P25_VALUE":0,"MEDIAN_VALUE":0,"P75_VALUE":0,"P90_VALUE":0,"MAX_VALUE":9},"AGE_AT_FIRST_DIAGNOSIS":{"CATEGORY":["MALE","FEMALE"],"MIN_VALUE":[59,61],"P10_VALUE":[59,61],"P25_VALUE":[63,66],"MEDIAN_VALUE":[72,72],"P75_VALUE":[85,85],"P90_VALUE":[89,90],"MAX_VALUE":[97,98]}}
