{"PREVALENCE_BY_GENDER_AGE_YEAR":{"TRELLIS_NAME":["70-79","40-49","80-89","80-89","70-79","80-89","80-89","70-79","30-39","80-89","90-99"],"SERIES_NAME":["FEMALE","MALE","FEMALE","MALE","MALE","FEMALE","MALE","FEMALE","MALE","MALE","FEMALE"],"X_CALENDAR_YEAR":[2008,2008,2008,2008,2009,2009,2009,2009,2009,2010,2010],"Y_PREVALENCE_1000PP":[12.73885,41.66667,6.84932,12.04819,5.58659,6.99301,11.11111,12.42236,166.66667,11.23596,19.23077]},"PREVALENCE_BY_MONTH":{"X_CALENDAR_MONTH":"200801","Y_PREVALENCE_1000PP":1.02775},"LENGTH_OF_ERA":{"CATEGORY":"Length of era","MIN_VALUE":0,"P10_VALUE":0,"P25_VALUE":0,"MEDIAN_VALUE":0,"P75_VALUE":0,"P90_VALUE":0,"MAX_VALUE":0},"AGE_AT_FIRST_DIAGNOSIS":{"CATEGORY":["MALE","FEMALE"],"MIN_VALUE":[31,70],"P10_VALUE":[-9999,-9999],"P25_VALUE":[31,74],"MEDIAN_VALUE":[79,79],"P75_VALUE":[83,87],"P90_VALUE":[84,94],"MAX_VALUE":[84,94]}}
