{"PREVALENCE_BY_GENDER_AGE_YEAR":{"TRELLIS_NAME":["60-69","80-89","80-89","70-79","40-49","60-69","70-79","70-79"],"SERIES_NAME":["MALE","FEMALE","MALE","FEMALE","FEMALE","FEMALE","MALE","FEMALE"],"X_CALENDAR_YEAR":[2008,2009,2009,2009,2009,2009,2010,2010],"Y_PREVALENCE_1000PP":[6.66667,6.99301,11.11111,6.21118,71.42857,10.10101,5.43478,6.49351]},"PREVALENCE_BY_MONTH":{"X_CALENDAR_MONTH":"200901","Y_PREVALENCE_1000PP":1.04384},"LENGTH_OF_ERA":{"CATEGORY":"Length of era","MIN_VALUE":0,"P10_VALUE":-9999,"P25_VALUE":0,"MEDIAN_VALUE":0,"P75_VALUE":0,"P90_VALUE":0,"MAX_VALUE":0},"AGE_AT_FIRST_DIAGNOSIS":{"CATEGORY":["MALE","FEMALE"],"MIN_VALUE":[61,49],"P10_VALUE":[-9999,-9999],"P25_VALUE":[61,49],"MEDIAN_VALUE":[75,70],"P75_VALUE":[86,74],"P90_VALUE":[86,86],"MAX_VALUE":[86,86]}}
