{"PREVALENCE_BY_GENDER_AGE_YEAR":{"TRELLIS_NAME":["70-79","70-79"],"SERIES_NAME":["FEMALE","FEMALE"],"X_CALENDAR_YEAR":[2008,2009],"Y_PREVALENCE_1000PP":[6.36943,6.21118]},"PREVALENCE_BY_MONTH":{"X_CALENDAR_MONTH":[],"Y_PREVALENCE_1000PP":[]},"LENGTH_OF_ERA":{"CATEGORY":"Length of era","MIN_VALUE":0,"P10_VALUE":-9999,"P25_VALUE":-9999,"MEDIAN_VALUE":0,"P75_VALUE":0,"P90_VALUE":0,"MAX_VALUE":0},"AGE_AT_FIRST_DIAGNOSIS":{"CATEGORY":"FEMALE","MIN_VALUE":74,"P10_VALUE":-9999,"P25_VALUE":-9999,"MEDIAN_VALUE":74,"P75_VALUE":74,"P90_VALUE":74,"MAX_VALUE":74}}
