{"PREVALENCE_BY_GENDER_AGE_YEAR":{"TRELLIS_NAME":["40-49","70-79","60-69","80-89","70-79","80-89","70-79","60-69","90-99","70-79","30-39","90-99","30-39","90-99","40-49","70-79","60-69","70-79","90-99","80-89"],"SERIES_NAME":["MALE","FEMALE","FEMALE","FEMALE","MALE","MALE","FEMALE","MALE","FEMALE","MALE","FEMALE","MALE","FEMALE","FEMALE","FEMALE","MALE","FEMALE","FEMALE","MALE","FEMALE"],"X_CALENDAR_YEAR":[2008,2008,2008,2008,2008,2009,2009,2009,2009,2009,2009,2009,2010,2010,2010,2010,2010,2010,2010,2010],"Y_PREVALENCE_1000PP":[41.66667,6.36943,8.84956,6.84932,5.88235,22.22222,12.42236,42.01681,24.39024,5.58659,125,71.42857,142.85714,38.46154,71.42857,16.30435,12.19512,6.49351,45.45455,6.99301]},"PREVALENCE_BY_MONTH":{"X_CALENDAR_MONTH":["200801","200901","201001"],"Y_PREVALENCE_1000PP":[1.02775,2.08768,1.07527]},"LENGTH_OF_ERA":{"CATEGORY":"Length of era","MIN_VALUE":0,"P10_VALUE":0,"P25_VALUE":0,"MEDIAN_VALUE":0,"P75_VALUE":0,"P90_VALUE":1,"MAX_VALUE":7},"AGE_AT_FIRST_DIAGNOSIS":{"CATEGORY":["MALE","FEMALE"],"MIN_VALUE":[40,37],"P10_VALUE":[40,37],"P25_VALUE":[66,68],"MEDIAN_VALUE":[75,74],"P75_VALUE":[75,81],"P90_VALUE":[83,90],"MAX_VALUE":[95,93]}}
