{"PREVALENCE_BY_GENDER_AGE_YEAR":{"TRELLIS_NAME":["60-69","70-79","60-69","80-89","90-99"],"SERIES_NAME":["FEMALE","MALE","FEMALE","MALE","FEMALE"],"X_CALENDAR_YEAR":[2008,2009,2009,2009,2010],"Y_PREVALENCE_1000PP":[8.84956,5.58659,10.10101,11.11111,19.23077]},"PREVALENCE_BY_MONTH":{"X_CALENDAR_MONTH":[],"Y_PREVALENCE_1000PP":[]},"LENGTH_OF_ERA":{"CATEGORY":"Length of era","MIN_VALUE":0,"P10_VALUE":-9999,"P25_VALUE":0,"MEDIAN_VALUE":0,"P75_VALUE":0,"P90_VALUE":0,"MAX_VALUE":0},"AGE_AT_FIRST_DIAGNOSIS":{"CATEGORY":["MALE","FEMALE"],"MIN_VALUE":[79,69],"P10_VALUE":[-9999,-9999],"P25_VALUE":[-9999,69],"MEDIAN_VALUE":[79,69],"P75_VALUE":[89,97],"P90_VALUE":[89,97],"MAX_VALUE":[89,97]}}
