{"PREVALENCE_BY_GENDER_AGE_YEAR":{"TRELLIS_NAME":["70-79","80-89","70-79","100-109","80-89","20-29","70-79","90-99","60-69","80-89"],"SERIES_NAME":["FEMALE","FEMALE","FEMALE","MALE","FEMALE","FEMALE","MALE","MALE","FEMALE","MALE"],"X_CALENDAR_YEAR":[2008,2008,2009,2009,2009,2009,2009,2010,2010,2010],"Y_PREVALENCE_1000PP":[6.36943,6.84932,18.63354,500,6.99301,500,5.58659,45.45455,12.19512,11.23596]},"PREVALENCE_BY_MONTH":{"X_CALENDAR_MONTH":["200901","201001"],"Y_PREVALENCE_1000PP":[1.04384,1.07527]},"LENGTH_OF_ERA":{"CATEGORY":"Length of era","MIN_VALUE":0,"P10_VALUE":0,"P25_VALUE":0,"MEDIAN_VALUE":0,"P75_VALUE":0,"P90_VALUE":0,"MAX_VALUE":0},"AGE_AT_FIRST_DIAGNOSIS":{"CATEGORY":["MALE","FEMALE"],"MIN_VALUE":[74,29],"P10_VALUE":[-9999,-9999],"P25_VALUE":[74,68],"MEDIAN_VALUE":[88,75],"P75_VALUE":[91,79],"P90_VALUE":[100,86],"MAX_VALUE":[100,86]}}
