{"PREVALENCE_BY_GENDER_AGE_YEAR":{"TRELLIS_NAME":["40-49","60-69","80-89","70-79","70-79"],"SERIES_NAME":["FEMALE","MALE","MALE","MALE","MALE"],"X_CALENDAR_YEAR":[2008,2009,2009,2009,2010],"Y_PREVALENCE_1000PP":[66.66667,8.40336,11.11111,5.58659,10.86957]},"PREVALENCE_BY_MONTH":{"X_CALENDAR_MONTH":[],"Y_PREVALENCE_1000PP":[]},"LENGTH_OF_ERA":{"CATEGORY":"Length of era","MIN_VALUE":0,"P10_VALUE":-9999,"P25_VALUE":0,"MEDIAN_VALUE":0,"P75_VALUE":0,"P90_VALUE":0,"MAX_VALUE":0},"AGE_AT_FIRST_DIAGNOSIS":{"CATEGORY":["MALE","FEMALE"],"MIN_VALUE":[62,45],"P10_VALUE":[-9999,-9999],"P25_VALUE":[62,-9999],"MEDIAN_VALUE":[75,45],"P75_VALUE":[78,45],"P90_VALUE":[83,45],"MAX_VALUE":[83,45]}}
