{"PREVALENCE_BY_GENDER_AGE_YEAR":{"TRELLIS_NAME":["80-89","90-99","70-79","80-89","70-79","70-79","90-99"],"SERIES_NAME":["MALE","FEMALE","FEMALE","MALE","MALE","MALE","FEMALE"],"X_CALENDAR_YEAR":[2008,2008,2009,2009,2009,2010,2010],"Y_PREVALENCE_1000PP":[12.04819,38.46154,6.21118,11.11111,5.58659,5.43478,19.23077]},"PREVALENCE_BY_MONTH":{"X_CALENDAR_MONTH":[],"Y_PREVALENCE_1000PP":[]},"LENGTH_OF_ERA":{"CATEGORY":"Length of era","MIN_VALUE":0,"P10_VALUE":-9999,"P25_VALUE":0,"MEDIAN_VALUE":0,"P75_VALUE":4,"P90_VALUE":17,"MAX_VALUE":17},"AGE_AT_FIRST_DIAGNOSIS":{"CATEGORY":["MALE","FEMALE"],"MIN_VALUE":[73,75],"P10_VALUE":[-9999,-9999],"P25_VALUE":[73,75],"MEDIAN_VALUE":[77,92],"P75_VALUE":[86,96],"P90_VALUE":[86,96],"MAX_VALUE":[86,96]}}
