{"PREVALENCE_BY_GENDER_AGE_YEAR":{"TRELLIS_NAME":["80-89","70-79","60-69","80-89","90-99","80-89","70-79","70-79","60-69","60-69","80-89","80-89","60-69","60-69","70-79","80-89","40-49"],"SERIES_NAME":["MALE","FEMALE","FEMALE","FEMALE","FEMALE","MALE","FEMALE","MALE","FEMALE","MALE","FEMALE","FEMALE","FEMALE","MALE","MALE","MALE","FEMALE"],"X_CALENDAR_YEAR":[2008,2008,2008,2008,2009,2009,2009,2009,2009,2009,2009,2010,2010,2010,2010,2010,2010],"Y_PREVALENCE_1000PP":[12.04819,12.73885,8.84956,13.69863,48.78049,22.22222,31.0559,27.93296,40.40404,8.40336,6.99301,6.99301,12.19512,9.90099,10.86957,11.23596,71.42857]},"PREVALENCE_BY_MONTH":{"X_CALENDAR_MONTH":"201001","Y_PREVALENCE_1000PP":3.22581},"LENGTH_OF_ERA":{"CATEGORY":"Length of era","MIN_VALUE":0,"P10_VALUE":0,"P25_VALUE":0,"MEDIAN_VALUE":0,"P75_VALUE":0,"P90_VALUE":0,"MAX_VALUE":2},"AGE_AT_FIRST_DIAGNOSIS":{"CATEGORY":["MALE","FEMALE"],"MIN_VALUE":[60,40],"P10_VALUE":[60,60],"P25_VALUE":[70,68],"MEDIAN_VALUE":[76,74],"P75_VALUE":[84,84],"P90_VALUE":[86,87],"MAX_VALUE":[89,93]}}
