{"PREVALENCE_BY_GENDER_AGE_YEAR":{"TRELLIS_NAME":["60-69","90-99","80-89","80-89","70-79","70-79","70-79","40-49","80-89","60-69","30-39","70-79","80-89","60-69","60-69","90-99","80-89","40-49","70-79","80-89","60-69","70-79","50-59","30-39"],"SERIES_NAME":["MALE","FEMALE","MALE","FEMALE","MALE","FEMALE","FEMALE","FEMALE","FEMALE","FEMALE","MALE","MALE","MALE","MALE","FEMALE","FEMALE","MALE","MALE","MALE","FEMALE","MALE","FEMALE","FEMALE","FEMALE"],"X_CALENDAR_YEAR":[2008,2008,2008,2008,2008,2008,2009,2009,2009,2009,2009,2009,2009,2009,2010,2010,2010,2010,2010,2010,2010,2010,2010,2010],"Y_PREVALENCE_1000PP":[13.33333,76.92308,48.19277,20.54795,5.88235,19.10828,18.63354,71.42857,6.99301,10.10101,166.66667,5.58659,11.11111,16.80672,12.19512,38.46154,11.23596,50,5.43478,6.99301,9.90099,12.98701,142.85714,142.85714]},"PREVALENCE_BY_MONTH":{"X_CALENDAR_MONTH":["200801","200901","201001"],"Y_PREVALENCE_1000PP":[2.0555,1.04384,2.15054]},"LENGTH_OF_ERA":{"CATEGORY":"Length of era","MIN_VALUE":0,"P10_VALUE":0,"P25_VALUE":0,"MEDIAN_VALUE":0,"P75_VALUE":0,"P90_VALUE":0,"MAX_VALUE":13},"AGE_AT_FIRST_DIAGNOSIS":{"CATEGORY":["MALE","FEMALE"],"MIN_VALUE":[31,30],"P10_VALUE":[31,46],"P25_VALUE":[65,67],"MEDIAN_VALUE":[70,76],"P75_VALUE":[81,88],"P90_VALUE":[82,95],"MAX_VALUE":[86,97]}}
