{"PREVALENCE_BY_GENDER_AGE_YEAR":{"TRELLIS_NAME":["70-79","80-89","80-89"],"SERIES_NAME":["MALE","FEMALE","MALE"],"X_CALENDAR_YEAR":[2008,2008,2009],"Y_PREVALENCE_1000PP":[5.88235,6.84932,11.11111]},"PREVALENCE_BY_MONTH":{"X_CALENDAR_MONTH":[],"Y_PREVALENCE_1000PP":[]},"LENGTH_OF_ERA":{"CATEGORY":"Length of era","MIN_VALUE":0,"P10_VALUE":-9999,"P25_VALUE":0,"MEDIAN_VALUE":6,"P75_VALUE":9,"P90_VALUE":9,"MAX_VALUE":9},"AGE_AT_FIRST_DIAGNOSIS":{"CATEGORY":["MALE","FEMALE"],"MIN_VALUE":[76,84],"P10_VALUE":[-9999,-9999],"P25_VALUE":[-9999,-9999],"MEDIAN_VALUE":[76,84],"P75_VALUE":[82,84],"P90_VALUE":[82,84],"MAX_VALUE":[82,84]}}
