{"PREVALENCE_BY_GENDER_AGE_YEAR":{"TRELLIS_NAME":["70-79","80-89","70-79","80-89","60-69","70-79","60-69","90-99"],"SERIES_NAME":["MALE","FEMALE","FEMALE","FEMALE","MALE","MALE","MALE","MALE"],"X_CALENDAR_YEAR":[2008,2008,2008,2009,2009,2010,2010,2010],"Y_PREVALENCE_1000PP":[5.88235,6.84932,6.36943,6.99301,8.40336,5.43478,9.90099,45.45455]},"PREVALENCE_BY_MONTH":{"X_CALENDAR_MONTH":"200901","Y_PREVALENCE_1000PP":1.04384},"LENGTH_OF_ERA":{"CATEGORY":"Length of era","MIN_VALUE":0,"P10_VALUE":-9999,"P25_VALUE":0,"MEDIAN_VALUE":0,"P75_VALUE":0,"P90_VALUE":0,"MAX_VALUE":0},"AGE_AT_FIRST_DIAGNOSIS":{"CATEGORY":["MALE","FEMALE"],"MIN_VALUE":[61,77],"P10_VALUE":[-9999,-9999],"P25_VALUE":[61,77],"MEDIAN_VALUE":[75,84],"P75_VALUE":[76,87],"P90_VALUE":[90,87],"MAX_VALUE":[90,87]}}
