{"PREVALENCE_BY_GENDER_AGE_YEAR":{"TRELLIS_NAME":["70-79","60-69","90-99","60-69","80-89","80-89","70-79","40-49","20-29","70-79","60-69","80-89","80-89","50-59","70-79","60-69","40-49","80-89","70-79","60-69","60-69","80-89"],"SERIES_NAME":["FEMALE","MALE","FEMALE","FEMALE","FEMALE","MALE","MALE","FEMALE","MALE","FEMALE","MALE","FEMALE","MALE","FEMALE","MALE","FEMALE","MALE","FEMALE","MALE","FEMALE","MALE","MALE"],"X_CALENDAR_YEAR":[2008,2008,2008,2008,2008,2008,2008,2008,2009,2009,2009,2009,2009,2009,2009,2009,2009,2010,2010,2010,2010,2010],"Y_PREVALENCE_1000PP":[6.36943,20,38.46154,17.69912,27.39726,48.19277,17.64706,66.66667,142.85714,24.84472,8.40336,27.97203,11.11111,71.42857,11.17318,20.20202,41.66667,6.99301,10.86957,12.19512,9.90099,11.23596]},"PREVALENCE_BY_MONTH":{"X_CALENDAR_MONTH":["200801","200901","201001"],"Y_PREVALENCE_1000PP":[1.02775,3.13152,1.07527]},"LENGTH_OF_ERA":{"CATEGORY":"Length of era","MIN_VALUE":0,"P10_VALUE":0,"P25_VALUE":0,"MEDIAN_VALUE":0,"P75_VALUE":0,"P90_VALUE":0,"MAX_VALUE":5},"AGE_AT_FIRST_DIAGNOSIS":{"CATEGORY":["MALE","FEMALE"],"MIN_VALUE":[28,48],"P10_VALUE":[48,58],"P25_VALUE":[69,67],"MEDIAN_VALUE":[73,76],"P75_VALUE":[80,85],"P90_VALUE":[86,87],"MAX_VALUE":[88,94]}}
