{"PREVALENCE_BY_GENDER_AGE_YEAR":{"TRELLIS_NAME":["80-89","20-29","70-79"],"SERIES_NAME":["MALE","MALE","MALE"],"X_CALENDAR_YEAR":[2008,2008,2010],"Y_PREVALENCE_1000PP":[12.04819,166.66667,5.43478]},"PREVALENCE_BY_MONTH":{"X_CALENDAR_MONTH":[],"Y_PREVALENCE_1000PP":[]},"LENGTH_OF_ERA":{"CATEGORY":"Length of era","MIN_VALUE":0,"P10_VALUE":-9999,"P25_VALUE":0,"MEDIAN_VALUE":0,"P75_VALUE":0,"P90_VALUE":0,"MAX_VALUE":0},"AGE_AT_FIRST_DIAGNOSIS":{"CATEGORY":"MALE","MIN_VALUE":27,"P10_VALUE":-9999,"P25_VALUE":27,"MEDIAN_VALUE":79,"P75_VALUE":82,"P90_VALUE":82,"MAX_VALUE":82}}
