{"PREVALENCE_BY_GENDER_AGE_YEAR":{"TRELLIS_NAME":["60-69","70-79","80-89"],"SERIES_NAME":["MALE","FEMALE","FEMALE"],"X_CALENDAR_YEAR":[2009,2010,2010],"Y_PREVALENCE_1000PP":[16.80672,6.49351,13.98601]},"PREVALENCE_BY_MONTH":{"X_CALENDAR_MONTH":"200901","Y_PREVALENCE_1000PP":1.04384},"LENGTH_OF_ERA":{"CATEGORY":"Length of era","MIN_VALUE":0,"P10_VALUE":-9999,"P25_VALUE":0,"MEDIAN_VALUE":0,"P75_VALUE":0,"P90_VALUE":2,"MAX_VALUE":2},"AGE_AT_FIRST_DIAGNOSIS":{"CATEGORY":["MALE","FEMALE"],"MIN_VALUE":[66,74],"P10_VALUE":[-9999,-9999],"P25_VALUE":[-9999,74],"MEDIAN_VALUE":[66,85],"P75_VALUE":[68,87],"P90_VALUE":[68,87],"MAX_VALUE":[68,87]}}
