{"PREVALENCE_BY_GENDER_AGE_YEAR":{"TRELLIS_NAME":["70-79","70-79","60-69","80-89","70-79","30-39","50-59","50-59","70-79","80-89"],"SERIES_NAME":["FEMALE","FEMALE","MALE","FEMALE","MALE","MALE","FEMALE","FEMALE","FEMALE","MALE"],"X_CALENDAR_YEAR":[2008,2009,2009,2009,2009,2009,2009,2010,2010,2010],"Y_PREVALENCE_1000PP":[6.36943,6.21118,8.40336,6.99301,5.58659,166.66667,71.42857,71.42857,6.49351,22.47191]},"PREVALENCE_BY_MONTH":{"X_CALENDAR_MONTH":["200901","201001"],"Y_PREVALENCE_1000PP":[1.04384,1.07527]},"LENGTH_OF_ERA":{"CATEGORY":"Length of era","MIN_VALUE":0,"P10_VALUE":0,"P25_VALUE":0,"MEDIAN_VALUE":0,"P75_VALUE":0,"P90_VALUE":0,"MAX_VALUE":0},"AGE_AT_FIRST_DIAGNOSIS":{"CATEGORY":["MALE","FEMALE"],"MIN_VALUE":[39,51],"P10_VALUE":[-9999,-9999],"P25_VALUE":[39,51],"MEDIAN_VALUE":[77,75],"P75_VALUE":[81,79],"P90_VALUE":[83,82],"MAX_VALUE":[83,82]}}
