{"PREVALENCE_BY_GENDER_AGE_YEAR":{"TRELLIS_NAME":["40-49","90-99","60-69","70-79","30-39","80-89","70-79","60-69","80-89","60-69","70-79","80-89","70-79","80-89","60-69","50-59","50-59"],"SERIES_NAME":["MALE","FEMALE","FEMALE","FEMALE","MALE","FEMALE","MALE","FEMALE","FEMALE","MALE","FEMALE","MALE","MALE","FEMALE","FEMALE","MALE","FEMALE"],"X_CALENDAR_YEAR":[2008,2008,2008,2008,2008,2008,2008,2009,2009,2009,2009,2009,2010,2010,2010,2010,2010],"Y_PREVALENCE_1000PP":[41.66667,38.46154,35.39823,31.84713,100,20.54795,11.76471,10.10101,6.99301,8.40336,12.42236,11.11111,10.86957,20.97902,12.19512,31.25,71.42857]},"PREVALENCE_BY_MONTH":{"X_CALENDAR_MONTH":"201001","Y_PREVALENCE_1000PP":1.07527},"LENGTH_OF_ERA":{"CATEGORY":"Length of era","MIN_VALUE":0,"P10_VALUE":0,"P25_VALUE":0,"MEDIAN_VALUE":0,"P75_VALUE":0,"P90_VALUE":0,"MAX_VALUE":1},"AGE_AT_FIRST_DIAGNOSIS":{"CATEGORY":["MALE","FEMALE"],"MIN_VALUE":[34,52],"P10_VALUE":[34,60],"P25_VALUE":[40,67],"MEDIAN_VALUE":[70,74],"P75_VALUE":[76,81],"P90_VALUE":[84,83],"MAX_VALUE":[84,97]}}
