{"PREVALENCE_BY_GENDER_AGE_YEAR":{"TRELLIS_NAME":["60-69","70-79","80-89","60-69","70-79","100-109","70-79","80-89","70-79"],"SERIES_NAME":["FEMALE","FEMALE","MALE","MALE","FEMALE","FEMALE","MALE","FEMALE","FEMALE"],"X_CALENDAR_YEAR":[2008,2008,2008,2008,2009,2010,2010,2010,2010],"Y_PREVALENCE_1000PP":[8.84956,6.36943,12.04819,6.66667,12.42236,1000,5.43478,6.99301,6.49351]},"PREVALENCE_BY_MONTH":{"X_CALENDAR_MONTH":"200901","Y_PREVALENCE_1000PP":1.04384},"LENGTH_OF_ERA":{"CATEGORY":"Length of era","MIN_VALUE":0,"P10_VALUE":0,"P25_VALUE":0,"MEDIAN_VALUE":0,"P75_VALUE":0,"P90_VALUE":0,"MAX_VALUE":0},"AGE_AT_FIRST_DIAGNOSIS":{"CATEGORY":["MALE","FEMALE"],"MIN_VALUE":[64,68],"P10_VALUE":[-9999,-9999],"P25_VALUE":[64,70],"MEDIAN_VALUE":[71,75],"P75_VALUE":[88,87],"P90_VALUE":[88,100],"MAX_VALUE":[88,100]}}
