{"PREVALENCE_BY_GENDER_AGE_YEAR":{"TRELLIS_NAME":["70-79","80-89","70-79","70-79","50-59"],"SERIES_NAME":["FEMALE","FEMALE","MALE","FEMALE","MALE"],"X_CALENDAR_YEAR":[2008,2009,2009,2010,2010],"Y_PREVALENCE_1000PP":[6.36943,6.99301,5.58659,6.49351,31.25]},"PREVALENCE_BY_MONTH":{"X_CALENDAR_MONTH":["200801","200901"],"Y_PREVALENCE_1000PP":[1.02775,1.04384]},"LENGTH_OF_ERA":{"CATEGORY":"Length of era","MIN_VALUE":0,"P10_VALUE":-9999,"P25_VALUE":0,"MEDIAN_VALUE":0,"P75_VALUE":0,"P90_VALUE":0,"MAX_VALUE":0},"AGE_AT_FIRST_DIAGNOSIS":{"CATEGORY":["MALE","FEMALE"],"MIN_VALUE":[50,70],"P10_VALUE":[-9999,-9999],"P25_VALUE":[-9999,70],"MEDIAN_VALUE":[50,75],"P75_VALUE":[70,80],"P90_VALUE":[70,80],"MAX_VALUE":[70,80]}}
