{"PREVALENCE_BY_GENDER_AGE_YEAR":{"TRELLIS_NAME":["50-59","80-89","60-69","70-79","70-79","70-79","70-79"],"SERIES_NAME":["FEMALE","FEMALE","FEMALE","MALE","FEMALE","FEMALE","MALE"],"X_CALENDAR_YEAR":[2008,2008,2008,2008,2009,2010,2010],"Y_PREVALENCE_1000PP":[58.82353,20.54795,8.84956,11.76471,6.21118,6.49351,10.86957]},"PREVALENCE_BY_MONTH":{"X_CALENDAR_MONTH":"200801","Y_PREVALENCE_1000PP":1.02775},"LENGTH_OF_ERA":{"CATEGORY":"Length of era","MIN_VALUE":0,"P10_VALUE":0,"P25_VALUE":0,"MEDIAN_VALUE":0,"P75_VALUE":0,"P90_VALUE":0,"MAX_VALUE":1},"AGE_AT_FIRST_DIAGNOSIS":{"CATEGORY":["MALE","FEMALE"],"MIN_VALUE":[72,55],"P10_VALUE":[-9999,-9999],"P25_VALUE":[72,67],"MEDIAN_VALUE":[72,70],"P75_VALUE":[72,86],"P90_VALUE":[79,89],"MAX_VALUE":[79,89]}}
