{"PREVALENCE_BY_GENDER_AGE_YEAR":{"TRELLIS_NAME":["80-89","70-79","60-69","60-69","70-79","80-89","50-59"],"SERIES_NAME":["MALE","FEMALE","MALE","MALE","FEMALE","FEMALE","FEMALE"],"X_CALENDAR_YEAR":[2008,2008,2008,2009,2009,2010,2010],"Y_PREVALENCE_1000PP":[24.09639,12.73885,6.66667,8.40336,6.21118,13.98601,71.42857]},"PREVALENCE_BY_MONTH":{"X_CALENDAR_MONTH":"201001","Y_PREVALENCE_1000PP":1.07527},"LENGTH_OF_ERA":{"CATEGORY":"Length of era","MIN_VALUE":0,"P10_VALUE":0,"P25_VALUE":0,"MEDIAN_VALUE":0,"P75_VALUE":0,"P90_VALUE":0,"MAX_VALUE":0},"AGE_AT_FIRST_DIAGNOSIS":{"CATEGORY":["MALE","FEMALE"],"MIN_VALUE":[64,59],"P10_VALUE":[-9999,-9999],"P25_VALUE":[64,59],"MEDIAN_VALUE":[67,73],"P75_VALUE":[82,80],"P90_VALUE":[83,86],"MAX_VALUE":[83,86]}}
