{"PREVALENCE_BY_GENDER_AGE_YEAR":{"TRELLIS_NAME":["70-79","70-79","60-69","60-69","80-89","70-79","70-79","90-99","70-79","80-89"],"SERIES_NAME":["FEMALE","MALE","MALE","FEMALE","MALE","FEMALE","MALE","MALE","MALE","MALE"],"X_CALENDAR_YEAR":[2008,2008,2008,2009,2009,2009,2009,2009,2010,2010],"Y_PREVALENCE_1000PP":[6.36943,11.76471,6.66667,10.10101,22.22222,6.21118,11.17318,71.42857,10.86957,22.47191]},"PREVALENCE_BY_MONTH":{"X_CALENDAR_MONTH":[],"Y_PREVALENCE_1000PP":[]},"LENGTH_OF_ERA":{"CATEGORY":"Length of era","MIN_VALUE":0,"P10_VALUE":0,"P25_VALUE":0,"MEDIAN_VALUE":0,"P75_VALUE":0,"P90_VALUE":0,"MAX_VALUE":0},"AGE_AT_FIRST_DIAGNOSIS":{"CATEGORY":["MALE","FEMALE"],"MIN_VALUE":[68,67],"P10_VALUE":[68,-9999],"P25_VALUE":[75,67],"MEDIAN_VALUE":[76,76],"P75_VALUE":[84,79],"P90_VALUE":[89,79],"MAX_VALUE":[90,79]}}
