{"PREVALENCE_BY_GENDER_AGE_YEAR":{"TRELLIS_NAME":["60-69","80-89","50-59","90-99","20-29","70-79","70-79","40-49","60-69","80-89","70-79","70-79","60-69","40-49","80-89","60-69","30-39","40-49","100-109","40-49","80-89","50-59","60-69","70-79"],"SERIES_NAME":["FEMALE","FEMALE","MALE","FEMALE","MALE","FEMALE","MALE","FEMALE","MALE","MALE","FEMALE","MALE","FEMALE","MALE","FEMALE","MALE","MALE","MALE","FEMALE","FEMALE","MALE","FEMALE","MALE","FEMALE"],"X_CALENDAR_YEAR":[2008,2008,2008,2008,2008,2008,2008,2008,2008,2009,2009,2009,2009,2009,2009,2009,2009,2010,2010,2010,2010,2010,2010,2010],"Y_PREVALENCE_1000PP":[17.69912,6.84932,57.14286,76.92308,166.66667,12.73885,11.76471,133.33333,20,55.55556,31.0559,27.93296,20.20202,41.66667,34.96503,25.21008,166.66667,50,1000,71.42857,11.23596,71.42857,9.90099,12.98701]},"PREVALENCE_BY_MONTH":{"X_CALENDAR_MONTH":["200801","200901"],"Y_PREVALENCE_1000PP":[1.02775,4.17537]},"LENGTH_OF_ERA":{"CATEGORY":"Length of era","MIN_VALUE":0,"P10_VALUE":0,"P25_VALUE":0,"MEDIAN_VALUE":0,"P75_VALUE":0,"P90_VALUE":0,"MAX_VALUE":0},"AGE_AT_FIRST_DIAGNOSIS":{"CATEGORY":["MALE","FEMALE"],"MIN_VALUE":[27,41],"P10_VALUE":[37,42],"P25_VALUE":[52,62],"MEDIAN_VALUE":[69,73],"P75_VALUE":[79,85],"P90_VALUE":[84,92],"MAX_VALUE":[86,100]}}
