{"PREVALENCE_BY_GENDER_AGE_YEAR":{"TRELLIS_NAME":["80-89","60-69","30-39","60-69","20-29","60-69","60-69","70-79","60-69","80-89"],"SERIES_NAME":["FEMALE","FEMALE","FEMALE","MALE","MALE","FEMALE","FEMALE","MALE","MALE","MALE"],"X_CALENDAR_YEAR":[2008,2008,2008,2008,2009,2009,2010,2010,2010,2010],"Y_PREVALENCE_1000PP":[6.84932,8.84956,125,6.66667,285.71429,10.10101,24.39024,5.43478,9.90099,11.23596]},"PREVALENCE_BY_MONTH":{"X_CALENDAR_MONTH":"201001","Y_PREVALENCE_1000PP":2.15054},"LENGTH_OF_ERA":{"CATEGORY":"Length of era","MIN_VALUE":0,"P10_VALUE":0,"P25_VALUE":0,"MEDIAN_VALUE":0,"P75_VALUE":0,"P90_VALUE":0,"MAX_VALUE":0},"AGE_AT_FIRST_DIAGNOSIS":{"CATEGORY":["MALE","FEMALE"],"MIN_VALUE":[28,34],"P10_VALUE":[-9999,-9999],"P25_VALUE":[28,34],"MEDIAN_VALUE":[65,69],"P75_VALUE":[74,69],"P90_VALUE":[89,88],"MAX_VALUE":[89,88]}}
