{"PREVALENCE_BY_GENDER_AGE_YEAR":{"TRELLIS_NAME":["80-89","70-79","80-89","70-79","70-79","60-69","80-89"],"SERIES_NAME":["MALE","MALE","FEMALE","MALE","FEMALE","FEMALE","FEMALE"],"X_CALENDAR_YEAR":[2008,2008,2009,2009,2009,2009,2010],"Y_PREVALENCE_1000PP":[12.04819,11.76471,6.99301,5.58659,6.21118,10.10101,6.99301]},"PREVALENCE_BY_MONTH":{"X_CALENDAR_MONTH":"200901","Y_PREVALENCE_1000PP":1.04384},"LENGTH_OF_ERA":{"CATEGORY":"Length of era","MIN_VALUE":0,"P10_VALUE":-9999,"P25_VALUE":0,"MEDIAN_VALUE":0,"P75_VALUE":0,"P90_VALUE":0,"MAX_VALUE":0},"AGE_AT_FIRST_DIAGNOSIS":{"CATEGORY":["MALE","FEMALE"],"MIN_VALUE":[76,60],"P10_VALUE":[-9999,-9999],"P25_VALUE":[76,60],"MEDIAN_VALUE":[77,73],"P75_VALUE":[77,81],"P90_VALUE":[86,84],"MAX_VALUE":[86,84]}}
