{"PREVALENCE_BY_GENDER_AGE_YEAR":{"TRELLIS_NAME":["80-89","60-69","70-79","50-59","80-89","70-79","60-69","80-89","40-49","90-99","80-89","70-79","60-69","60-69","70-79","80-89","90-99","50-59","90-99","60-69","60-69","50-59"],"SERIES_NAME":["FEMALE","FEMALE","FEMALE","MALE","MALE","MALE","MALE","FEMALE","FEMALE","FEMALE","MALE","FEMALE","MALE","FEMALE","MALE","MALE","FEMALE","FEMALE","MALE","MALE","FEMALE","MALE"],"X_CALENDAR_YEAR":[2008,2008,2008,2008,2008,2008,2008,2009,2009,2009,2009,2009,2009,2009,2009,2010,2010,2010,2010,2010,2010,2010],"Y_PREVALENCE_1000PP":[13.69863,8.84956,19.10828,28.57143,48.19277,5.88235,6.66667,6.99301,71.42857,24.39024,33.33333,18.63354,8.40336,30.30303,5.58659,22.47191,19.23077,71.42857,90.90909,9.90099,24.39024,31.25]},"PREVALENCE_BY_MONTH":{"X_CALENDAR_MONTH":["200901","201001"],"Y_PREVALENCE_1000PP":[1.04384,1.07527]},"LENGTH_OF_ERA":{"CATEGORY":"Length of era","MIN_VALUE":0,"P10_VALUE":0,"P25_VALUE":0,"MEDIAN_VALUE":0,"P75_VALUE":0,"P90_VALUE":0,"MAX_VALUE":3},"AGE_AT_FIRST_DIAGNOSIS":{"CATEGORY":["MALE","FEMALE"],"MIN_VALUE":[55,44],"P10_VALUE":[55,44],"P25_VALUE":[67,63],"MEDIAN_VALUE":[81,72],"P75_VALUE":[86,85],"P90_VALUE":[90,90],"MAX_VALUE":[99,96]}}
