{"PREVALENCE_BY_GENDER_AGE_YEAR":{"TRELLIS_NAME":["90-99","90-99","80-89","70-79","70-79","30-39","90-99","60-69","70-79"],"SERIES_NAME":["MALE","FEMALE","MALE","FEMALE","MALE","FEMALE","MALE","MALE","FEMALE"],"X_CALENDAR_YEAR":[2008,2009,2009,2009,2009,2009,2009,2010,2010],"Y_PREVALENCE_1000PP":[100,24.39024,11.11111,12.42236,16.75978,125,71.42857,9.90099,6.49351]},"PREVALENCE_BY_MONTH":{"X_CALENDAR_MONTH":[],"Y_PREVALENCE_1000PP":[]},"LENGTH_OF_ERA":{"CATEGORY":"Length of era","MIN_VALUE":0,"P10_VALUE":0,"P25_VALUE":0,"MEDIAN_VALUE":0,"P75_VALUE":0,"P90_VALUE":3,"MAX_VALUE":4},"AGE_AT_FIRST_DIAGNOSIS":{"CATEGORY":["MALE","FEMALE"],"MIN_VALUE":[62,37],"P10_VALUE":[-9999,-9999],"P25_VALUE":[70,37],"MEDIAN_VALUE":[79,76],"P75_VALUE":[90,79],"P90_VALUE":[99,90],"MAX_VALUE":[99,90]}}
