{"PREVALENCE_BY_GENDER_AGE_YEAR":{"TRELLIS_NAME":["70-79","80-89","90-99","70-79","80-89","80-89","60-69","40-49","70-79","60-69"],"SERIES_NAME":["FEMALE","MALE","FEMALE","MALE","FEMALE","FEMALE","MALE","MALE","MALE","FEMALE"],"X_CALENDAR_YEAR":[2008,2008,2008,2008,2008,2009,2009,2009,2010,2010],"Y_PREVALENCE_1000PP":[6.36943,12.04819,38.46154,11.76471,6.84932,13.98601,8.40336,41.66667,5.43478,12.19512]},"PREVALENCE_BY_MONTH":{"X_CALENDAR_MONTH":"201001","Y_PREVALENCE_1000PP":1.07527},"LENGTH_OF_ERA":{"CATEGORY":"Length of era","MIN_VALUE":0,"P10_VALUE":0,"P25_VALUE":0,"MEDIAN_VALUE":0,"P75_VALUE":0,"P90_VALUE":0,"MAX_VALUE":1},"AGE_AT_FIRST_DIAGNOSIS":{"CATEGORY":["MALE","FEMALE"],"MIN_VALUE":[44,69],"P10_VALUE":[-9999,-9999],"P25_VALUE":[44,69],"MEDIAN_VALUE":[70,86],"P75_VALUE":[74,89],"P90_VALUE":[88,94],"MAX_VALUE":[88,94]}}
