{"PREVALENCE_BY_GENDER_AGE_YEAR":{"TRELLIS_NAME":["60-69","80-89","80-89","70-79","60-69","90-99","70-79","70-79","60-69","80-89","50-59","80-89","70-79","60-69","80-89"],"SERIES_NAME":["FEMALE","FEMALE","MALE","MALE","MALE","MALE","FEMALE","MALE","FEMALE","MALE","MALE","FEMALE","MALE","FEMALE","MALE"],"X_CALENDAR_YEAR":[2008,2008,2008,2008,2008,2009,2009,2009,2009,2009,2010,2010,2010,2010,2010],"Y_PREVALENCE_1000PP":[8.84956,6.84932,12.04819,11.76471,13.33333,71.42857,6.21118,16.75978,30.30303,22.22222,31.25,6.99301,5.43478,12.19512,11.23596]},"PREVALENCE_BY_MONTH":{"X_CALENDAR_MONTH":["200901","201001"],"Y_PREVALENCE_1000PP":[1.04384,1.07527]},"LENGTH_OF_ERA":{"CATEGORY":"Length of era","MIN_VALUE":0,"P10_VALUE":0,"P25_VALUE":0,"MEDIAN_VALUE":0,"P75_VALUE":0,"P90_VALUE":0,"MAX_VALUE":0},"AGE_AT_FIRST_DIAGNOSIS":{"CATEGORY":["MALE","FEMALE"],"MIN_VALUE":[53,65],"P10_VALUE":[53,-9999],"P25_VALUE":[67,66],"MEDIAN_VALUE":[77,68],"P75_VALUE":[85,74],"P90_VALUE":[87,86],"MAX_VALUE":[95,86]}}
