{"PREVALENCE_BY_GENDER_AGE_YEAR":{"TRELLIS_NAME":["60-69","70-79","70-79","70-79","50-59","90-99"],"SERIES_NAME":["MALE","FEMALE","MALE","FEMALE","FEMALE","MALE"],"X_CALENDAR_YEAR":[2008,2009,2010,2010,2010,2010],"Y_PREVALENCE_1000PP":[6.66667,12.42236,5.43478,12.98701,71.42857,45.45455]},"PREVALENCE_BY_MONTH":{"X_CALENDAR_MONTH":"201001","Y_PREVALENCE_1000PP":1.07527},"LENGTH_OF_ERA":{"CATEGORY":"Length of era","MIN_VALUE":0,"P10_VALUE":-9999,"P25_VALUE":0,"MEDIAN_VALUE":0,"P75_VALUE":0,"P90_VALUE":0,"MAX_VALUE":0},"AGE_AT_FIRST_DIAGNOSIS":{"CATEGORY":["MALE","FEMALE"],"MIN_VALUE":[68,59],"P10_VALUE":[-9999,-9999],"P25_VALUE":[68,59],"MEDIAN_VALUE":[70,72],"P75_VALUE":[91,75],"P90_VALUE":[91,78],"MAX_VALUE":[91,78]}}
