{"PREVALENCE_BY_GENDER_AGE_YEAR":{"TRELLIS_NAME":["60-69","80-89","80-89","70-79","70-79","60-69","80-89","60-69","90-99","60-69","70-79","50-59"],"SERIES_NAME":["FEMALE","FEMALE","MALE","FEMALE","MALE","MALE","FEMALE","FEMALE","FEMALE","MALE","FEMALE","FEMALE"],"X_CALENDAR_YEAR":[2008,2008,2008,2008,2008,2008,2009,2009,2009,2009,2009,2009],"Y_PREVALENCE_1000PP":[8.84956,13.69863,12.04819,31.84713,5.88235,6.66667,13.98601,10.10101,24.39024,8.40336,18.63354,71.42857]},"PREVALENCE_BY_MONTH":{"X_CALENDAR_MONTH":["200801","200901"],"Y_PREVALENCE_1000PP":[2.0555,1.04384]},"LENGTH_OF_ERA":{"CATEGORY":"Length of era","MIN_VALUE":0,"P10_VALUE":0,"P25_VALUE":0,"MEDIAN_VALUE":0,"P75_VALUE":0,"P90_VALUE":0,"MAX_VALUE":3},"AGE_AT_FIRST_DIAGNOSIS":{"CATEGORY":["MALE","FEMALE"],"MIN_VALUE":[69,50],"P10_VALUE":[-9999,50],"P25_VALUE":[69,70],"MEDIAN_VALUE":[69,74],"P75_VALUE":[76,85],"P90_VALUE":[81,89],"MAX_VALUE":[81,90]}}
