{"PREVALENCE_BY_GENDER_AGE_YEAR":{"TRELLIS_NAME":["70-79","70-79","60-69","80-89","70-79"],"SERIES_NAME":["MALE","FEMALE","MALE","FEMALE","FEMALE"],"X_CALENDAR_YEAR":[2008,2008,2008,2009,2010],"Y_PREVALENCE_1000PP":[5.88235,6.36943,6.66667,6.99301,6.49351]},"PREVALENCE_BY_MONTH":{"X_CALENDAR_MONTH":[],"Y_PREVALENCE_1000PP":[]},"LENGTH_OF_ERA":{"CATEGORY":"Length of era","MIN_VALUE":0,"P10_VALUE":-9999,"P25_VALUE":0,"MEDIAN_VALUE":0,"P75_VALUE":0,"P90_VALUE":0,"MAX_VALUE":0},"AGE_AT_FIRST_DIAGNOSIS":{"CATEGORY":["MALE","FEMALE"],"MIN_VALUE":[68,75],"P10_VALUE":[-9999,-9999],"P25_VALUE":[-9999,75],"MEDIAN_VALUE":[68,78],"P75_VALUE":[74,84],"P90_VALUE":[74,84],"MAX_VALUE":[74,84]}}
