{"PREVALENCE_BY_GENDER_AGE_YEAR":{"TRELLIS_NAME":["60-69","80-89","70-79","60-69","40-49","80-89","70-79","40-49","60-69","70-79","90-99","70-79","90-99","70-79","80-89","30-39","90-99"],"SERIES_NAME":["FEMALE","FEMALE","MALE","MALE","MALE","MALE","FEMALE","MALE","MALE","MALE","MALE","FEMALE","FEMALE","MALE","FEMALE","MALE","MALE"],"X_CALENDAR_YEAR":[2008,2008,2008,2008,2008,2009,2009,2009,2009,2009,2009,2010,2010,2010,2010,2010,2010],"Y_PREVALENCE_1000PP":[8.84956,6.84932,5.88235,13.33333,83.33333,11.11111,12.42236,41.66667,8.40336,11.17318,71.42857,12.98701,19.23077,5.43478,13.98601,142.85714,45.45455]},"PREVALENCE_BY_MONTH":{"X_CALENDAR_MONTH":"200901","Y_PREVALENCE_1000PP":1.04384},"LENGTH_OF_ERA":{"CATEGORY":"Length of era","MIN_VALUE":0,"P10_VALUE":0,"P25_VALUE":0,"MEDIAN_VALUE":0,"P75_VALUE":0,"P90_VALUE":0,"MAX_VALUE":0},"AGE_AT_FIRST_DIAGNOSIS":{"CATEGORY":["MALE","FEMALE"],"MIN_VALUE":[36,63],"P10_VALUE":[36,63],"P25_VALUE":[42,73],"MEDIAN_VALUE":[69,79],"P75_VALUE":[76,86],"P90_VALUE":[95,91],"MAX_VALUE":[96,91]}}
