{"PREVALENCE_BY_GENDER_AGE_YEAR":{"TRELLIS_NAME":["60-69","70-79","70-79","80-89","80-89","60-69","70-79","70-79","70-79"],"SERIES_NAME":["FEMALE","FEMALE","MALE","FEMALE","FEMALE","MALE","FEMALE","MALE","MALE"],"X_CALENDAR_YEAR":[2008,2008,2008,2008,2009,2009,2009,2009,2010],"Y_PREVALENCE_1000PP":[8.84956,12.73885,5.88235,13.69863,13.98601,8.40336,6.21118,5.58659,5.43478]},"PREVALENCE_BY_MONTH":{"X_CALENDAR_MONTH":[],"Y_PREVALENCE_1000PP":[]},"LENGTH_OF_ERA":{"CATEGORY":"Length of era","MIN_VALUE":0,"P10_VALUE":0,"P25_VALUE":0,"MEDIAN_VALUE":0,"P75_VALUE":0,"P90_VALUE":2,"MAX_VALUE":7},"AGE_AT_FIRST_DIAGNOSIS":{"CATEGORY":["MALE","FEMALE"],"MIN_VALUE":[67,69],"P10_VALUE":[-9999,-9999],"P25_VALUE":[67,73],"MEDIAN_VALUE":[70,78],"P75_VALUE":[73,87],"P90_VALUE":[73,89],"MAX_VALUE":[73,89]}}
