{"PREVALENCE_BY_GENDER_AGE_YEAR":{"TRELLIS_NAME":["70-79","60-69","80-89","40-49","50-59","30-39","70-79","40-49","80-89","70-79","70-79","60-69","40-49","80-89","40-49","80-89"],"SERIES_NAME":["FEMALE","MALE","FEMALE","MALE","MALE","FEMALE","MALE","FEMALE","MALE","FEMALE","MALE","MALE","MALE","FEMALE","MALE","MALE"],"X_CALENDAR_YEAR":[2008,2008,2008,2008,2008,2008,2008,2008,2009,2009,2009,2009,2009,2010,2010,2010],"Y_PREVALENCE_1000PP":[6.36943,13.33333,6.84932,41.66667,28.57143,125,5.88235,66.66667,11.11111,12.42236,5.58659,16.80672,41.66667,13.98601,50,22.47191]},"PREVALENCE_BY_MONTH":{"X_CALENDAR_MONTH":"200901","Y_PREVALENCE_1000PP":1.04384},"LENGTH_OF_ERA":{"CATEGORY":"Length of era","MIN_VALUE":0,"P10_VALUE":0,"P25_VALUE":0,"MEDIAN_VALUE":0,"P75_VALUE":0,"P90_VALUE":1,"MAX_VALUE":9},"AGE_AT_FIRST_DIAGNOSIS":{"CATEGORY":["MALE","FEMALE"],"MIN_VALUE":[40,36],"P10_VALUE":[40,-9999],"P25_VALUE":[49,45],"MEDIAN_VALUE":[65,78],"P75_VALUE":[79,81],"P90_VALUE":[87,86],"MAX_VALUE":[89,86]}}
