{"PREVALENCE_BY_GENDER_AGE_YEAR":{"TRELLIS_NAME":["70-79","60-69","80-89","50-59","90-99","70-79","70-79","90-99","20-29","80-89","60-69","60-69","60-69","90-99","70-79","80-89","70-79"],"SERIES_NAME":["FEMALE","MALE","FEMALE","MALE","MALE","MALE","MALE","FEMALE","MALE","FEMALE","MALE","FEMALE","MALE","FEMALE","FEMALE","MALE","MALE"],"X_CALENDAR_YEAR":[2008,2008,2008,2008,2008,2008,2009,2009,2009,2009,2009,2009,2010,2010,2010,2010,2010],"Y_PREVALENCE_1000PP":[6.36943,6.66667,13.69863,28.57143,100,11.76471,16.75978,24.39024,142.85714,6.99301,16.80672,10.10101,9.90099,19.23077,6.49351,11.23596,16.30435]},"PREVALENCE_BY_MONTH":{"X_CALENDAR_MONTH":["200901","201001"],"Y_PREVALENCE_1000PP":[1.04384,2.15054]},"LENGTH_OF_ERA":{"CATEGORY":"Length of era","MIN_VALUE":0,"P10_VALUE":0,"P25_VALUE":0,"MEDIAN_VALUE":0,"P75_VALUE":0,"P90_VALUE":0,"MAX_VALUE":1},"AGE_AT_FIRST_DIAGNOSIS":{"CATEGORY":["MALE","FEMALE"],"MIN_VALUE":[29,66],"P10_VALUE":[29,-9999],"P25_VALUE":[68,74],"MEDIAN_VALUE":[71,85],"P75_VALUE":[74,90],"P90_VALUE":[80,93],"MAX_VALUE":[99,93]}}
