{"PREVALENCE_BY_GENDER_AGE_YEAR":{"TRELLIS_NAME":["70-79","60-69","50-59","70-79","60-69","80-89","60-69","70-79","80-89","30-39","70-79","90-99","50-59","20-29","60-69","60-69","80-89","90-99","90-99","60-69","70-79","70-79"],"SERIES_NAME":["FEMALE","FEMALE","MALE","MALE","MALE","FEMALE","MALE","FEMALE","MALE","MALE","MALE","MALE","MALE","MALE","FEMALE","FEMALE","FEMALE","MALE","FEMALE","MALE","MALE","FEMALE"],"X_CALENDAR_YEAR":[2008,2008,2008,2008,2008,2009,2009,2009,2009,2009,2009,2009,2009,2009,2009,2010,2010,2010,2010,2010,2010,2010],"Y_PREVALENCE_1000PP":[12.73885,17.69912,28.57143,11.76471,13.33333,20.97902,8.40336,12.42236,66.66667,500,22.34637,71.42857,28.57143,142.85714,40.40404,24.39024,6.99301,45.45455,19.23077,9.90099,16.30435,12.98701]},"PREVALENCE_BY_MONTH":{"X_CALENDAR_MONTH":["200901","201001"],"Y_PREVALENCE_1000PP":[3.13152,2.15054]},"LENGTH_OF_ERA":{"CATEGORY":"Length of era","MIN_VALUE":0,"P10_VALUE":0,"P25_VALUE":0,"MEDIAN_VALUE":0,"P75_VALUE":0,"P90_VALUE":0,"MAX_VALUE":2},"AGE_AT_FIRST_DIAGNOSIS":{"CATEGORY":["MALE","FEMALE"],"MIN_VALUE":[29,61],"P10_VALUE":[31,61],"P25_VALUE":[67,65],"MEDIAN_VALUE":[74,73],"P75_VALUE":[82,80],"P90_VALUE":[89,85],"MAX_VALUE":[96,98]}}
