{"PREVALENCE_BY_GENDER_AGE_YEAR":{"TRELLIS_NAME":["90-99","70-79","60-69","70-79","70-79","60-69","80-89","30-39","80-89","70-79","80-89","60-69","90-99"],"SERIES_NAME":["MALE","FEMALE","MALE","MALE","FEMALE","MALE","FEMALE","FEMALE","MALE","FEMALE","FEMALE","MALE","FEMALE"],"X_CALENDAR_YEAR":[2008,2008,2008,2009,2009,2009,2009,2009,2009,2010,2010,2010,2010],"Y_PREVALENCE_1000PP":[100,25.47771,20,16.75978,12.42236,8.40336,20.97902,125,11.11111,6.49351,6.99301,19.80198,57.69231]},"PREVALENCE_BY_MONTH":{"X_CALENDAR_MONTH":"200901","Y_PREVALENCE_1000PP":2.08768},"LENGTH_OF_ERA":{"CATEGORY":"Length of era","MIN_VALUE":0,"P10_VALUE":0,"P25_VALUE":0,"MEDIAN_VALUE":0,"P75_VALUE":0,"P90_VALUE":0,"MAX_VALUE":13},"AGE_AT_FIRST_DIAGNOSIS":{"CATEGORY":["MALE","FEMALE"],"MIN_VALUE":[65,39],"P10_VALUE":[65,39],"P25_VALUE":[65,74],"MEDIAN_VALUE":[68,78],"P75_VALUE":[79,89],"P90_VALUE":[84,91],"MAX_VALUE":[99,99]}}
