{"PREVALENCE_BY_GENDER_AGE_YEAR":{"TRELLIS_NAME":["60-69","70-79","60-69","80-89","80-89","70-79","40-49","70-79","50-59","80-89","50-59"],"SERIES_NAME":["MALE","FEMALE","FEMALE","FEMALE","MALE","MALE","FEMALE","MALE","MALE","MALE","MALE"],"X_CALENDAR_YEAR":[2008,2008,2008,2008,2008,2008,2009,2009,2009,2010,2010],"Y_PREVALENCE_1000PP":[6.66667,6.36943,17.69912,6.84932,12.04819,11.76471,71.42857,11.17318,28.57143,11.23596,62.5]},"PREVALENCE_BY_MONTH":{"X_CALENDAR_MONTH":[],"Y_PREVALENCE_1000PP":[]},"LENGTH_OF_ERA":{"CATEGORY":"Length of era","MIN_VALUE":0,"P10_VALUE":0,"P25_VALUE":0,"MEDIAN_VALUE":0,"P75_VALUE":0,"P90_VALUE":0,"MAX_VALUE":0},"AGE_AT_FIRST_DIAGNOSIS":{"CATEGORY":["MALE","FEMALE"],"MIN_VALUE":[50,43],"P10_VALUE":[50,-9999],"P25_VALUE":[53,43],"MEDIAN_VALUE":[70,69],"P75_VALUE":[78,78],"P90_VALUE":[85,83],"MAX_VALUE":[88,83]}}
