{"PREVALENCE_BY_GENDER_AGE_YEAR":{"TRELLIS_NAME":["70-79","40-49","90-99"],"SERIES_NAME":["MALE","FEMALE","FEMALE"],"X_CALENDAR_YEAR":[2009,2009,2010],"Y_PREVALENCE_1000PP":[5.58659,71.42857,19.23077]},"PREVALENCE_BY_MONTH":{"X_CALENDAR_MONTH":"200901","Y_PREVALENCE_1000PP":1.04384},"LENGTH_OF_ERA":{"CATEGORY":"Length of era","MIN_VALUE":0,"P10_VALUE":-9999,"P25_VALUE":0,"MEDIAN_VALUE":0,"P75_VALUE":0,"P90_VALUE":0,"MAX_VALUE":0},"AGE_AT_FIRST_DIAGNOSIS":{"CATEGORY":["MALE","FEMALE"],"MIN_VALUE":[70,42],"P10_VALUE":[-9999,-9999],"P25_VALUE":[-9999,-9999],"MEDIAN_VALUE":[70,42],"P75_VALUE":[70,99],"P90_VALUE":[70,99],"MAX_VALUE":[70,99]}}
