{"PREVALENCE_BY_GENDER_AGE_YEAR":{"TRELLIS_NAME":["90-99","40-49","80-89","60-69","80-89","70-79","70-79","80-89","60-69","80-89","30-39"],"SERIES_NAME":["FEMALE","MALE","FEMALE","FEMALE","MALE","FEMALE","MALE","FEMALE","FEMALE","MALE","MALE"],"X_CALENDAR_YEAR":[2008,2008,2008,2008,2008,2009,2009,2009,2009,2009,2009],"Y_PREVALENCE_1000PP":[38.46154,41.66667,20.54795,8.84956,12.04819,18.63354,5.58659,6.99301,20.20202,22.22222,166.66667]},"PREVALENCE_BY_MONTH":{"X_CALENDAR_MONTH":"200901","Y_PREVALENCE_1000PP":2.08768},"LENGTH_OF_ERA":{"CATEGORY":"Length of era","MIN_VALUE":0,"P10_VALUE":0,"P25_VALUE":0,"MEDIAN_VALUE":0,"P75_VALUE":0,"P90_VALUE":0,"MAX_VALUE":1},"AGE_AT_FIRST_DIAGNOSIS":{"CATEGORY":["MALE","FEMALE"],"MIN_VALUE":[37,66],"P10_VALUE":[-9999,66],"P25_VALUE":[37,69],"MEDIAN_VALUE":[79,75],"P75_VALUE":[89,86],"P90_VALUE":[89,86],"MAX_VALUE":[89,92]}}
