{"PREVALENCE_BY_GENDER_AGE_YEAR":{"TRELLIS_NAME":["80-89","70-79","60-69","40-49"],"SERIES_NAME":["FEMALE","MALE","MALE","MALE"],"X_CALENDAR_YEAR":[2008,2008,2009,2010],"Y_PREVALENCE_1000PP":[6.84932,11.76471,8.40336,50]},"PREVALENCE_BY_MONTH":{"X_CALENDAR_MONTH":[],"Y_PREVALENCE_1000PP":[]},"LENGTH_OF_ERA":{"CATEGORY":"Length of era","MIN_VALUE":0,"P10_VALUE":-9999,"P25_VALUE":0,"MEDIAN_VALUE":0,"P75_VALUE":0,"P90_VALUE":0,"MAX_VALUE":0},"AGE_AT_FIRST_DIAGNOSIS":{"CATEGORY":["MALE","FEMALE"],"MIN_VALUE":[45,88],"P10_VALUE":[-9999,-9999],"P25_VALUE":[45,-9999],"MEDIAN_VALUE":[62,88],"P75_VALUE":[70,88],"P90_VALUE":[76,88],"MAX_VALUE":[76,88]}}
