{"PREVALENCE_BY_GENDER_AGE_YEAR":{"TRELLIS_NAME":["80-89","80-89","30-39","70-79","90-99","90-99","60-69","20-29","70-79","50-59","70-79","60-69","80-89","80-89","70-79","60-69","50-59","80-89","60-69","70-79","70-79","90-99","60-69"],"SERIES_NAME":["MALE","FEMALE","MALE","FEMALE","MALE","FEMALE","FEMALE","FEMALE","MALE","MALE","FEMALE","MALE","FEMALE","MALE","MALE","FEMALE","FEMALE","FEMALE","MALE","MALE","FEMALE","MALE","FEMALE"],"X_CALENDAR_YEAR":[2008,2008,2008,2008,2008,2008,2008,2008,2008,2009,2009,2009,2009,2009,2009,2009,2010,2010,2010,2010,2010,2010,2010],"Y_PREVALENCE_1000PP":[24.09639,6.84932,100,44.58599,100,38.46154,8.84956,333.33333,11.76471,57.14286,12.42236,16.80672,6.99301,22.22222,27.93296,20.20202,71.42857,20.97902,19.80198,10.86957,19.48052,45.45455,36.58537]},"PREVALENCE_BY_MONTH":{"X_CALENDAR_MONTH":["200801","200901","201001"],"Y_PREVALENCE_1000PP":[2.0555,1.04384,2.15054]},"LENGTH_OF_ERA":{"CATEGORY":"Length of era","MIN_VALUE":0,"P10_VALUE":0,"P25_VALUE":0,"MEDIAN_VALUE":0,"P75_VALUE":0,"P90_VALUE":0,"MAX_VALUE":1},"AGE_AT_FIRST_DIAGNOSIS":{"CATEGORY":["MALE","FEMALE"],"MIN_VALUE":[30,29],"P10_VALUE":[52,57],"P25_VALUE":[65,68],"MEDIAN_VALUE":[72,73],"P75_VALUE":[78,79],"P90_VALUE":[82,88],"MAX_VALUE":[96,92]}}
