{"PREVALENCE_BY_GENDER_AGE_YEAR":{"TRELLIS_NAME":["50-59","80-89"],"SERIES_NAME":["MALE","MALE"],"X_CALENDAR_YEAR":[2008,2008],"Y_PREVALENCE_1000PP":[28.57143,12.04819]},"PREVALENCE_BY_MONTH":{"X_CALENDAR_MONTH":[],"Y_PREVALENCE_1000PP":[]},"LENGTH_OF_ERA":{"CATEGORY":"Length of era","MIN_VALUE":0,"P10_VALUE":-9999,"P25_VALUE":-9999,"MEDIAN_VALUE":0,"P75_VALUE":0,"P90_VALUE":0,"MAX_VALUE":0},"AGE_AT_FIRST_DIAGNOSIS":{"CATEGORY":"MALE","MIN_VALUE":56,"P10_VALUE":-9999,"P25_VALUE":-9999,"MEDIAN_VALUE":56,"P75_VALUE":82,"P90_VALUE":82,"MAX_VALUE":82}}
