{"PREVALENCE_BY_GENDER_AGE_YEAR":{"TRELLIS_NAME":["70-79","90-99","80-89"],"SERIES_NAME":["MALE","FEMALE","FEMALE"],"X_CALENDAR_YEAR":[2008,2008,2010],"Y_PREVALENCE_1000PP":[11.76471,38.46154,6.99301]},"PREVALENCE_BY_MONTH":{"X_CALENDAR_MONTH":[],"Y_PREVALENCE_1000PP":[]},"LENGTH_OF_ERA":{"CATEGORY":"Length of era","MIN_VALUE":0,"P10_VALUE":-9999,"P25_VALUE":0,"MEDIAN_VALUE":0,"P75_VALUE":0,"P90_VALUE":0,"MAX_VALUE":0},"AGE_AT_FIRST_DIAGNOSIS":{"CATEGORY":["MALE","FEMALE"],"MIN_VALUE":[75,88],"P10_VALUE":[-9999,-9999],"P25_VALUE":[-9999,-9999],"MEDIAN_VALUE":[75,88],"P75_VALUE":[77,95],"P90_VALUE":[77,95],"MAX_VALUE":[77,95]}}
