{"PREVALENCE_BY_GENDER_AGE_YEAR":{"TRELLIS_NAME":["70-79","70-79","60-69","90-99","70-79","70-79","60-69","80-89","50-59","70-79","80-89","70-79","90-99"],"SERIES_NAME":["MALE","FEMALE","MALE","FEMALE","FEMALE","MALE","FEMALE","MALE","FEMALE","FEMALE","FEMALE","MALE","FEMALE"],"X_CALENDAR_YEAR":[2008,2008,2008,2008,2009,2009,2009,2009,2009,2010,2010,2010,2010],"Y_PREVALENCE_1000PP":[23.52941,6.36943,6.66667,38.46154,6.21118,11.17318,10.10101,11.11111,71.42857,6.49351,6.99301,16.30435,19.23077]},"PREVALENCE_BY_MONTH":{"X_CALENDAR_MONTH":["200901","201001"],"Y_PREVALENCE_1000PP":[1.04384,2.15054]},"LENGTH_OF_ERA":{"CATEGORY":"Length of era","MIN_VALUE":0,"P10_VALUE":0,"P25_VALUE":0,"MEDIAN_VALUE":0,"P75_VALUE":0,"P90_VALUE":3,"MAX_VALUE":4},"AGE_AT_FIRST_DIAGNOSIS":{"CATEGORY":["MALE","FEMALE"],"MIN_VALUE":[66,58],"P10_VALUE":[66,-9999],"P25_VALUE":[74,68],"MEDIAN_VALUE":[77,72],"P75_VALUE":[78,85],"P90_VALUE":[78,98],"MAX_VALUE":[83,98]}}
