{"PREVALENCE_BY_GENDER_AGE_YEAR":{"TRELLIS_NAME":["40-49","80-89","30-39","60-69","70-79","70-79","90-99","80-89"],"SERIES_NAME":["MALE","FEMALE","MALE","MALE","FEMALE","FEMALE","MALE","FEMALE"],"X_CALENDAR_YEAR":[2008,2008,2008,2009,2009,2010,2010,2010],"Y_PREVALENCE_1000PP":[41.66667,13.69863,200,8.40336,12.42236,6.49351,90.90909,6.99301]},"PREVALENCE_BY_MONTH":{"X_CALENDAR_MONTH":[],"Y_PREVALENCE_1000PP":[]},"LENGTH_OF_ERA":{"CATEGORY":"Length of era","MIN_VALUE":0,"P10_VALUE":0,"P25_VALUE":0,"MEDIAN_VALUE":0,"P75_VALUE":0,"P90_VALUE":0,"MAX_VALUE":0},"AGE_AT_FIRST_DIAGNOSIS":{"CATEGORY":["MALE","FEMALE"],"MIN_VALUE":[34,73],"P10_VALUE":[-9999,-9999],"P25_VALUE":[34,73],"MEDIAN_VALUE":[43,75],"P75_VALUE":[91,84],"P90_VALUE":[99,85],"MAX_VALUE":[99,85]}}
