{"PREVALENCE_BY_GENDER_AGE_YEAR":{"TRELLIS_NAME":["70-79","70-79"],"SERIES_NAME":["MALE","MALE"],"X_CALENDAR_YEAR":[2008,2009],"Y_PREVALENCE_1000PP":[5.88235,5.58659]},"PREVALENCE_BY_MONTH":{"X_CALENDAR_MONTH":[],"Y_PREVALENCE_1000PP":[]},"LENGTH_OF_ERA":{"CATEGORY":"Length of era","MIN_VALUE":0,"P10_VALUE":-9999,"P25_VALUE":-9999,"MEDIAN_VALUE":0,"P75_VALUE":2,"P90_VALUE":2,"MAX_VALUE":2},"AGE_AT_FIRST_DIAGNOSIS":{"CATEGORY":"MALE","MIN_VALUE":73,"P10_VALUE":-9999,"P25_VALUE":-9999,"MEDIAN_VALUE":73,"P75_VALUE":73,"P90_VALUE":73,"MAX_VALUE":73}}
