{"PREVALENCE_BY_GENDER_AGE_YEAR":{"TRELLIS_NAME":["80-89","60-69","70-79","80-89","70-79","40-49","60-69","90-99","60-69","80-89","80-89","70-79","70-79","60-69","50-59","90-99","50-59","60-69","90-99","70-79","60-69","70-79","80-89"],"SERIES_NAME":["FEMALE","FEMALE","FEMALE","MALE","MALE","FEMALE","MALE","FEMALE","FEMALE","FEMALE","MALE","FEMALE","MALE","MALE","FEMALE","FEMALE","MALE","FEMALE","MALE","MALE","MALE","FEMALE","MALE"],"X_CALENDAR_YEAR":[2008,2008,2008,2008,2008,2008,2008,2009,2009,2009,2009,2009,2009,2009,2010,2010,2010,2010,2010,2010,2010,2010,2010],"Y_PREVALENCE_1000PP":[20.54795,17.69912,12.73885,48.19277,35.29412,200,6.66667,24.39024,10.10101,20.97902,44.44444,18.63354,22.34637,33.61345,71.42857,19.23077,31.25,24.39024,45.45455,27.17391,19.80198,58.44156,22.47191]},"PREVALENCE_BY_MONTH":{"X_CALENDAR_MONTH":["200801","200901","201001"],"Y_PREVALENCE_1000PP":[1.02775,2.08768,2.15054]},"LENGTH_OF_ERA":{"CATEGORY":"Length of era","MIN_VALUE":0,"P10_VALUE":0,"P25_VALUE":0,"MEDIAN_VALUE":0,"P75_VALUE":0,"P90_VALUE":0,"MAX_VALUE":9},"AGE_AT_FIRST_DIAGNOSIS":{"CATEGORY":["MALE","FEMALE"],"MIN_VALUE":[55,48],"P10_VALUE":[67,49],"P25_VALUE":[69,68],"MEDIAN_VALUE":[74,75],"P75_VALUE":[82,80],"P90_VALUE":[87,85],"MAX_VALUE":[90,96]}}
