{"PREVALENCE_BY_GENDER_AGE_YEAR":{"TRELLIS_NAME":["70-79","60-69","50-59","90-99","70-79","40-49","60-69","70-79","90-99","80-89","70-79","60-69","90-99","80-89"],"SERIES_NAME":["FEMALE","FEMALE","MALE","MALE","MALE","FEMALE","MALE","FEMALE","MALE","FEMALE","MALE","FEMALE","FEMALE","FEMALE"],"X_CALENDAR_YEAR":[2008,2008,2008,2008,2008,2008,2008,2009,2009,2009,2009,2010,2010,2010],"Y_PREVALENCE_1000PP":[6.36943,8.84956,28.57143,100,5.88235,66.66667,6.66667,6.21118,71.42857,13.98601,11.17318,12.19512,19.23077,6.99301]},"PREVALENCE_BY_MONTH":{"X_CALENDAR_MONTH":"201001","Y_PREVALENCE_1000PP":2.15054},"LENGTH_OF_ERA":{"CATEGORY":"Length of era","MIN_VALUE":0,"P10_VALUE":0,"P25_VALUE":0,"MEDIAN_VALUE":0,"P75_VALUE":0,"P90_VALUE":14,"MAX_VALUE":20},"AGE_AT_FIRST_DIAGNOSIS":{"CATEGORY":["MALE","FEMALE"],"MIN_VALUE":[52,41],"P10_VALUE":[-9999,41],"P25_VALUE":[52,66],"MEDIAN_VALUE":[70,78],"P75_VALUE":[95,84],"P90_VALUE":[95,91],"MAX_VALUE":[95,91]}}
