{"PREVALENCE_BY_GENDER_AGE_YEAR":{"TRELLIS_NAME":["60-69","40-49","80-89","80-89","70-79","70-79","80-89","90-99","60-69","60-69","70-79","70-79","60-69","30-39","40-49"],"SERIES_NAME":["MALE","MALE","MALE","FEMALE","MALE","FEMALE","MALE","FEMALE","MALE","FEMALE","FEMALE","MALE","MALE","MALE","MALE"],"X_CALENDAR_YEAR":[2008,2008,2008,2009,2009,2009,2009,2009,2009,2009,2010,2010,2010,2010,2010],"Y_PREVALENCE_1000PP":[6.66667,41.66667,12.04819,6.99301,22.34637,18.63354,22.22222,24.39024,25.21008,10.10101,6.49351,5.43478,19.80198,142.85714,50]},"PREVALENCE_BY_MONTH":{"X_CALENDAR_MONTH":"201001","Y_PREVALENCE_1000PP":1.07527},"LENGTH_OF_ERA":{"CATEGORY":"Length of era","MIN_VALUE":0,"P10_VALUE":0,"P25_VALUE":0,"MEDIAN_VALUE":0,"P75_VALUE":0,"P90_VALUE":1,"MAX_VALUE":17},"AGE_AT_FIRST_DIAGNOSIS":{"CATEGORY":["MALE","FEMALE"],"MIN_VALUE":[30,68],"P10_VALUE":[30,-9999],"P25_VALUE":[66,73],"MEDIAN_VALUE":[69,77],"P75_VALUE":[76,85],"P90_VALUE":[85,97],"MAX_VALUE":[88,97]}}
