{"PREVALENCE_BY_GENDER_AGE_YEAR":{"TRELLIS_NAME":["60-69","70-79","40-49","70-79","70-79","50-59","80-89","70-79","30-39","80-89","60-69","70-79","70-79","40-49","90-99","80-89"],"SERIES_NAME":["MALE","FEMALE","MALE","MALE","FEMALE","MALE","FEMALE","MALE","MALE","MALE","FEMALE","FEMALE","MALE","FEMALE","MALE","FEMALE"],"X_CALENDAR_YEAR":[2008,2008,2008,2008,2009,2009,2009,2009,2009,2009,2009,2010,2010,2010,2010,2010],"Y_PREVALENCE_1000PP":[6.66667,6.36943,41.66667,11.76471,6.21118,57.14286,6.99301,11.17318,166.66667,11.11111,10.10101,6.49351,5.43478,71.42857,45.45455,6.99301]},"PREVALENCE_BY_MONTH":{"X_CALENDAR_MONTH":["200901","201001"],"Y_PREVALENCE_1000PP":[1.04384,1.07527]},"LENGTH_OF_ERA":{"CATEGORY":"Length of era","MIN_VALUE":0,"P10_VALUE":0,"P25_VALUE":0,"MEDIAN_VALUE":0,"P75_VALUE":0,"P90_VALUE":0,"MAX_VALUE":0},"AGE_AT_FIRST_DIAGNOSIS":{"CATEGORY":["MALE","FEMALE"],"MIN_VALUE":[37,42],"P10_VALUE":[37,-9999],"P25_VALUE":[51,60],"MEDIAN_VALUE":[72,75],"P75_VALUE":[76,85],"P90_VALUE":[80,86],"MAX_VALUE":[91,86]}}
