{"PREVALENCE_BY_GENDER_AGE_YEAR":{"TRELLIS_NAME":["50-59","80-89","60-69","70-79","60-69","70-79","80-89","50-59","70-79","60-69","90-99","50-59","80-89"],"SERIES_NAME":["FEMALE","FEMALE","MALE","FEMALE","FEMALE","MALE","FEMALE","MALE","FEMALE","FEMALE","MALE","MALE","FEMALE"],"X_CALENDAR_YEAR":[2008,2008,2008,2008,2008,2008,2009,2009,2009,2010,2010,2010,2010],"Y_PREVALENCE_1000PP":[58.82353,6.84932,6.66667,6.36943,8.84956,5.88235,6.99301,28.57143,6.21118,24.39024,45.45455,31.25,13.98601]},"PREVALENCE_BY_MONTH":{"X_CALENDAR_MONTH":"200901","Y_PREVALENCE_1000PP":2.08768},"LENGTH_OF_ERA":{"CATEGORY":"Length of era","MIN_VALUE":0,"P10_VALUE":0,"P25_VALUE":0,"MEDIAN_VALUE":0,"P75_VALUE":0,"P90_VALUE":0,"MAX_VALUE":0},"AGE_AT_FIRST_DIAGNOSIS":{"CATEGORY":["MALE","FEMALE"],"MIN_VALUE":[50,59],"P10_VALUE":[-9999,59],"P25_VALUE":[50,62],"MEDIAN_VALUE":[67,77],"P75_VALUE":[78,81],"P90_VALUE":[99,84],"MAX_VALUE":[99,84]}}
