{"PREVALENCE_BY_GENDER_AGE_YEAR":{"TRELLIS_NAME":["90-99","80-89","70-79","80-89","80-89","70-79","60-69","50-59"],"SERIES_NAME":["FEMALE","MALE","MALE","FEMALE","MALE","FEMALE","MALE","MALE"],"X_CALENDAR_YEAR":[2008,2008,2009,2009,2009,2009,2010,2010],"Y_PREVALENCE_1000PP":[38.46154,12.04819,5.58659,6.99301,11.11111,6.21118,9.90099,31.25]},"PREVALENCE_BY_MONTH":{"X_CALENDAR_MONTH":[],"Y_PREVALENCE_1000PP":[]},"LENGTH_OF_ERA":{"CATEGORY":"Length of era","MIN_VALUE":0,"P10_VALUE":-9999,"P25_VALUE":0,"MEDIAN_VALUE":0,"P75_VALUE":0,"P90_VALUE":0,"MAX_VALUE":0},"AGE_AT_FIRST_DIAGNOSIS":{"CATEGORY":["MALE","FEMALE"],"MIN_VALUE":[54,70],"P10_VALUE":[-9999,-9999],"P25_VALUE":[54,70],"MEDIAN_VALUE":[77,86],"P75_VALUE":[80,94],"P90_VALUE":[86,94],"MAX_VALUE":[86,94]}}
