{"PREVALENCE_BY_GENDER_AGE_YEAR":{"TRELLIS_NAME":["60-69","70-79","80-89","70-79","40-49","40-49","80-89","50-59","60-69","70-79","60-69","70-79"],"SERIES_NAME":["FEMALE","FEMALE","MALE","MALE","FEMALE","MALE","FEMALE","MALE","MALE","MALE","FEMALE","MALE"],"X_CALENDAR_YEAR":[2008,2008,2008,2008,2008,2009,2009,2009,2009,2009,2010,2010],"Y_PREVALENCE_1000PP":[8.84956,12.73885,12.04819,5.88235,133.33333,41.66667,6.99301,28.57143,16.80672,5.58659,12.19512,10.86957]},"PREVALENCE_BY_MONTH":{"X_CALENDAR_MONTH":["200801","201001"],"Y_PREVALENCE_1000PP":[1.02775,1.07527]},"LENGTH_OF_ERA":{"CATEGORY":"Length of era","MIN_VALUE":0,"P10_VALUE":0,"P25_VALUE":0,"MEDIAN_VALUE":0,"P75_VALUE":0,"P90_VALUE":0,"MAX_VALUE":8},"AGE_AT_FIRST_DIAGNOSIS":{"CATEGORY":["MALE","FEMALE"],"MIN_VALUE":[49,46],"P10_VALUE":[49,-9999],"P25_VALUE":[58,49],"MEDIAN_VALUE":[73,66],"P75_VALUE":[77,75],"P90_VALUE":[82,88],"MAX_VALUE":[82,88]}}
