{"PREVALENCE_BY_GENDER_AGE_YEAR":{"TRELLIS_NAME":["90-99","70-79","80-89","60-69","70-79"],"SERIES_NAME":["MALE","FEMALE","FEMALE","FEMALE","FEMALE"],"X_CALENDAR_YEAR":[2008,2008,2009,2009,2009],"Y_PREVALENCE_1000PP":[100,6.36943,6.99301,10.10101,12.42236]},"PREVALENCE_BY_MONTH":{"X_CALENDAR_MONTH":[],"Y_PREVALENCE_1000PP":[]},"LENGTH_OF_ERA":{"CATEGORY":"Length of era","MIN_VALUE":0,"P10_VALUE":-9999,"P25_VALUE":0,"MEDIAN_VALUE":0,"P75_VALUE":0,"P90_VALUE":0,"MAX_VALUE":0},"AGE_AT_FIRST_DIAGNOSIS":{"CATEGORY":["MALE","FEMALE"],"MIN_VALUE":[97,69],"P10_VALUE":[-9999,-9999],"P25_VALUE":[-9999,69],"MEDIAN_VALUE":[97,75],"P75_VALUE":[97,78],"P90_VALUE":[97,89],"MAX_VALUE":[97,89]}}
