{"PREVALENCE_BY_GENDER_AGE_YEAR":{"TRELLIS_NAME":["60-69","70-79","90-99"],"SERIES_NAME":["MALE","MALE","MALE"],"X_CALENDAR_YEAR":[2008,2010,2010],"Y_PREVALENCE_1000PP":[6.66667,16.30435,45.45455]},"PREVALENCE_BY_MONTH":{"X_CALENDAR_MONTH":"201001","Y_PREVALENCE_1000PP":1.07527},"LENGTH_OF_ERA":{"CATEGORY":"Length of era","MIN_VALUE":0,"P10_VALUE":-9999,"P25_VALUE":0,"MEDIAN_VALUE":0,"P75_VALUE":0,"P90_VALUE":0,"MAX_VALUE":0},"AGE_AT_FIRST_DIAGNOSIS":{"CATEGORY":"MALE","MIN_VALUE":66,"P10_VALUE":-9999,"P25_VALUE":66,"MEDIAN_VALUE":71,"P75_VALUE":75,"P90_VALUE":91,"MAX_VALUE":91}}
