{"PREVALENCE_BY_GENDER_AGE_YEAR":{"TRELLIS_NAME":["50-59","70-79","60-69","60-69","80-89","80-89","60-69","40-49","60-69","60-69","90-99"],"SERIES_NAME":["FEMALE","FEMALE","MALE","FEMALE","FEMALE","MALE","FEMALE","MALE","MALE","MALE","MALE"],"X_CALENDAR_YEAR":[2008,2008,2008,2008,2009,2009,2009,2009,2009,2010,2010],"Y_PREVALENCE_1000PP":[58.82353,25.47771,6.66667,8.84956,6.99301,11.11111,10.10101,41.66667,8.40336,9.90099,45.45455]},"PREVALENCE_BY_MONTH":{"X_CALENDAR_MONTH":[],"Y_PREVALENCE_1000PP":[]},"LENGTH_OF_ERA":{"CATEGORY":"Length of era","MIN_VALUE":0,"P10_VALUE":0,"P25_VALUE":0,"MEDIAN_VALUE":0,"P75_VALUE":0,"P90_VALUE":0,"MAX_VALUE":9},"AGE_AT_FIRST_DIAGNOSIS":{"CATEGORY":["MALE","FEMALE"],"MIN_VALUE":[43,51],"P10_VALUE":[-9999,-9999],"P25_VALUE":[43,66],"MEDIAN_VALUE":[67,73],"P75_VALUE":[83,74],"P90_VALUE":[90,89],"MAX_VALUE":[90,89]}}
