{"PREVALENCE_BY_GENDER_AGE_YEAR":{"TRELLIS_NAME":["70-79","60-69","80-89","70-79","60-69","80-89","90-99","80-89","70-79"],"SERIES_NAME":["FEMALE","FEMALE","FEMALE","MALE","MALE","FEMALE","FEMALE","MALE","FEMALE"],"X_CALENDAR_YEAR":[2008,2008,2008,2008,2008,2009,2010,2010,2010],"Y_PREVALENCE_1000PP":[6.36943,26.54867,6.84932,11.76471,13.33333,6.99301,19.23077,11.23596,6.49351]},"PREVALENCE_BY_MONTH":{"X_CALENDAR_MONTH":"200801","Y_PREVALENCE_1000PP":1.02775},"LENGTH_OF_ERA":{"CATEGORY":"Length of era","MIN_VALUE":0,"P10_VALUE":0,"P25_VALUE":0,"MEDIAN_VALUE":0,"P75_VALUE":0,"P90_VALUE":0,"MAX_VALUE":0},"AGE_AT_FIRST_DIAGNOSIS":{"CATEGORY":["MALE","FEMALE"],"MIN_VALUE":[67,67],"P10_VALUE":[-9999,-9999],"P25_VALUE":[67,68],"MEDIAN_VALUE":[74,73],"P75_VALUE":[76,82],"P90_VALUE":[88,94],"MAX_VALUE":[88,94]}}
