{"PREVALENCE_BY_GENDER_AGE_YEAR":{"TRELLIS_NAME":["40-49","70-79","60-69","80-89","80-89","70-79","60-69","60-69","70-79","40-49","80-89","70-79","60-69","30-39","80-89","40-49","50-59","90-99","60-69","80-89"],"SERIES_NAME":["MALE","FEMALE","FEMALE","FEMALE","MALE","MALE","MALE","FEMALE","FEMALE","FEMALE","MALE","MALE","MALE","MALE","FEMALE","FEMALE","MALE","MALE","FEMALE","MALE"],"X_CALENDAR_YEAR":[2008,2008,2008,2008,2008,2008,2008,2009,2009,2009,2009,2009,2009,2010,2010,2010,2010,2010,2010,2010],"Y_PREVALENCE_1000PP":[41.66667,12.73885,8.84956,6.84932,24.09639,17.64706,6.66667,30.30303,6.21118,71.42857,44.44444,16.75978,16.80672,142.85714,6.99301,142.85714,31.25,45.45455,24.39024,22.47191]},"PREVALENCE_BY_MONTH":{"X_CALENDAR_MONTH":"200901","Y_PREVALENCE_1000PP":3.13152},"LENGTH_OF_ERA":{"CATEGORY":"Length of era","MIN_VALUE":0,"P10_VALUE":0,"P25_VALUE":0,"MEDIAN_VALUE":0,"P75_VALUE":0,"P90_VALUE":0,"MAX_VALUE":15},"AGE_AT_FIRST_DIAGNOSIS":{"CATEGORY":["MALE","FEMALE"],"MIN_VALUE":[36,41],"P10_VALUE":[43,41],"P25_VALUE":[68,44],"MEDIAN_VALUE":[77,66],"P75_VALUE":[82,75],"P90_VALUE":[84,85],"MAX_VALUE":[90,86]}}
