{"PREVALENCE_BY_GENDER_AGE_YEAR":{"TRELLIS_NAME":["60-69","80-89","60-69","90-99","70-79","70-79","70-79","30-39","90-99","50-59","80-89","70-79","60-69","40-49","60-69","80-89","80-89","90-99","60-69","70-79","70-79","80-89","60-69"],"SERIES_NAME":["MALE","FEMALE","FEMALE","FEMALE","MALE","FEMALE","FEMALE","FEMALE","FEMALE","MALE","FEMALE","MALE","FEMALE","MALE","MALE","MALE","MALE","FEMALE","FEMALE","FEMALE","MALE","FEMALE","MALE"],"X_CALENDAR_YEAR":[2008,2008,2008,2008,2008,2008,2009,2009,2009,2009,2009,2009,2009,2009,2009,2009,2010,2010,2010,2010,2010,2010,2010],"Y_PREVALENCE_1000PP":[6.66667,13.69863,17.69912,38.46154,11.76471,12.73885,6.21118,125,24.39024,28.57143,6.99301,5.58659,10.10101,41.66667,50.42017,11.11111,22.47191,19.23077,24.39024,6.49351,5.43478,6.99301,19.80198]},"PREVALENCE_BY_MONTH":{"X_CALENDAR_MONTH":["200801","200901","201001"],"Y_PREVALENCE_1000PP":[1.02775,1.04384,1.07527]},"LENGTH_OF_ERA":{"CATEGORY":"Length of era","MIN_VALUE":0,"P10_VALUE":0,"P25_VALUE":0,"MEDIAN_VALUE":0,"P75_VALUE":0,"P90_VALUE":0,"MAX_VALUE":0},"AGE_AT_FIRST_DIAGNOSIS":{"CATEGORY":["MALE","FEMALE"],"MIN_VALUE":[47,37],"P10_VALUE":[47,37],"P25_VALUE":[64,67],"MEDIAN_VALUE":[67,74],"P75_VALUE":[73,84],"P90_VALUE":[84,94],"MAX_VALUE":[84,96]}}
