{"PREVALENCE_BY_GENDER_AGE_YEAR":{"TRELLIS_NAME":["80-89","80-89","70-79","70-79","60-69","40-49","80-89","70-79","70-79","90-99","50-59","60-69","40-49","80-89"],"SERIES_NAME":["MALE","FEMALE","MALE","FEMALE","MALE","MALE","FEMALE","MALE","FEMALE","FEMALE","MALE","MALE","FEMALE","MALE"],"X_CALENDAR_YEAR":[2008,2008,2008,2008,2008,2009,2009,2009,2009,2010,2010,2010,2010,2010],"Y_PREVALENCE_1000PP":[12.04819,6.84932,11.76471,6.36943,6.66667,41.66667,6.99301,5.58659,12.42236,19.23077,31.25,9.90099,71.42857,11.23596]},"PREVALENCE_BY_MONTH":{"X_CALENDAR_MONTH":"200901","Y_PREVALENCE_1000PP":1.04384},"LENGTH_OF_ERA":{"CATEGORY":"Length of era","MIN_VALUE":0,"P10_VALUE":0,"P25_VALUE":0,"MEDIAN_VALUE":0,"P75_VALUE":0,"P90_VALUE":1,"MAX_VALUE":15},"AGE_AT_FIRST_DIAGNOSIS":{"CATEGORY":["MALE","FEMALE"],"MIN_VALUE":[46,48],"P10_VALUE":[46,-9999],"P25_VALUE":[58,71],"MEDIAN_VALUE":[72,79],"P75_VALUE":[78,83],"P90_VALUE":[88,90],"MAX_VALUE":[88,90]}}
