{"PREVALENCE_BY_GENDER_AGE_YEAR":{"TRELLIS_NAME":["50-59","80-89","70-79","30-39","40-49","30-39","70-79","80-89","60-69","30-39"],"SERIES_NAME":["MALE","FEMALE","MALE","FEMALE","FEMALE","MALE","FEMALE","FEMALE","FEMALE","MALE"],"X_CALENDAR_YEAR":[2008,2008,2008,2008,2008,2009,2009,2009,2009,2010],"Y_PREVALENCE_1000PP":[28.57143,13.69863,5.88235,125,66.66667,166.66667,6.21118,13.98601,20.20202,142.85714]},"PREVALENCE_BY_MONTH":{"X_CALENDAR_MONTH":[],"Y_PREVALENCE_1000PP":[]},"LENGTH_OF_ERA":{"CATEGORY":"Length of era","MIN_VALUE":0,"P10_VALUE":0,"P25_VALUE":0,"MEDIAN_VALUE":0,"P75_VALUE":0,"P90_VALUE":4,"MAX_VALUE":12},"AGE_AT_FIRST_DIAGNOSIS":{"CATEGORY":["MALE","FEMALE"],"MIN_VALUE":[31,36],"P10_VALUE":[-9999,36],"P25_VALUE":[31,40],"MEDIAN_VALUE":[37,76],"P75_VALUE":[55,82],"P90_VALUE":[76,89],"MAX_VALUE":[76,89]}}
