{"PREVALENCE_BY_GENDER_AGE_YEAR":{"TRELLIS_NAME":["80-89","60-69","40-49","60-69","70-79","70-79","80-89","80-89","60-69","60-69","90-99","80-89"],"SERIES_NAME":["FEMALE","FEMALE","FEMALE","MALE","MALE","FEMALE","MALE","FEMALE","MALE","FEMALE","FEMALE","FEMALE"],"X_CALENDAR_YEAR":[2008,2008,2008,2008,2009,2009,2009,2009,2009,2010,2010,2010],"Y_PREVALENCE_1000PP":[6.84932,8.84956,66.66667,6.66667,5.58659,12.42236,11.11111,13.98601,8.40336,12.19512,19.23077,27.97203]},"PREVALENCE_BY_MONTH":{"X_CALENDAR_MONTH":["200901","201001"],"Y_PREVALENCE_1000PP":[1.04384,1.07527]},"LENGTH_OF_ERA":{"CATEGORY":"Length of era","MIN_VALUE":0,"P10_VALUE":0,"P25_VALUE":0,"MEDIAN_VALUE":0,"P75_VALUE":0,"P90_VALUE":0,"MAX_VALUE":23},"AGE_AT_FIRST_DIAGNOSIS":{"CATEGORY":["MALE","FEMALE"],"MIN_VALUE":[68,46],"P10_VALUE":[-9999,46],"P25_VALUE":[68,72],"MEDIAN_VALUE":[69,82],"P75_VALUE":[75,86],"P90_VALUE":[83,89],"MAX_VALUE":[83,95]}}
