{"PREVALENCE_BY_GENDER_AGE_YEAR":{"TRELLIS_NAME":["70-79","40-49","80-89","60-69","80-89","70-79","40-49","70-79","70-79","80-89","50-59","40-49","80-89","70-79","70-79","50-59"],"SERIES_NAME":["FEMALE","MALE","FEMALE","FEMALE","MALE","MALE","FEMALE","FEMALE","MALE","FEMALE","FEMALE","MALE","FEMALE","MALE","FEMALE","MALE"],"X_CALENDAR_YEAR":[2008,2008,2008,2008,2008,2008,2008,2009,2009,2009,2009,2010,2010,2010,2010,2010],"Y_PREVALENCE_1000PP":[6.36943,41.66667,6.84932,17.69912,12.04819,23.52941,66.66667,6.21118,5.58659,27.97203,71.42857,50,20.97902,5.43478,6.49351,31.25]},"PREVALENCE_BY_MONTH":{"X_CALENDAR_MONTH":"200801","Y_PREVALENCE_1000PP":2.0555},"LENGTH_OF_ERA":{"CATEGORY":"Length of era","MIN_VALUE":0,"P10_VALUE":0,"P25_VALUE":0,"MEDIAN_VALUE":0,"P75_VALUE":0,"P90_VALUE":0,"MAX_VALUE":0},"AGE_AT_FIRST_DIAGNOSIS":{"CATEGORY":["MALE","FEMALE"],"MIN_VALUE":[41,46],"P10_VALUE":[41,46],"P25_VALUE":[45,65],"MEDIAN_VALUE":[73,79],"P75_VALUE":[77,85],"P90_VALUE":[78,85],"MAX_VALUE":[81,86]}}
