{"PREVALENCE_BY_GENDER_AGE_YEAR":{"TRELLIS_NAME":["80-89","70-79"],"SERIES_NAME":["FEMALE","FEMALE"],"X_CALENDAR_YEAR":[2009,2009],"Y_PREVALENCE_1000PP":[6.99301,6.21118]},"PREVALENCE_BY_MONTH":{"X_CALENDAR_MONTH":[],"Y_PREVALENCE_1000PP":[]},"LENGTH_OF_ERA":{"CATEGORY":"Length of era","MIN_VALUE":0,"P10_VALUE":-9999,"P25_VALUE":-9999,"MEDIAN_VALUE":0,"P75_VALUE":1,"P90_VALUE":1,"MAX_VALUE":1},"AGE_AT_FIRST_DIAGNOSIS":{"CATEGORY":"FEMALE","MIN_VALUE":78,"P10_VALUE":-9999,"P25_VALUE":-9999,"MEDIAN_VALUE":78,"P75_VALUE":89,"P90_VALUE":89,"MAX_VALUE":89}}
