{"PREVALENCE_BY_GENDER_AGE_YEAR":{"TRELLIS_NAME":"90-99","SERIES_NAME":"MALE","X_CALENDAR_YEAR":2010,"Y_PREVALENCE_1000PP":45.45455},"PREVALENCE_BY_MONTH":{"X_CALENDAR_MONTH":[],"Y_PREVALENCE_1000PP":[]},"LENGTH_OF_ERA":{"CATEGORY":"Length of era","MIN_VALUE":0,"P10_VALUE":-9999,"P25_VALUE":-9999,"MEDIAN_VALUE":0,"P75_VALUE":0,"P90_VALUE":0,"MAX_VALUE":0},"AGE_AT_FIRST_DIAGNOSIS":{"CATEGORY":"MALE","MIN_VALUE":90,"P10_VALUE":-9999,"P25_VALUE":-9999,"MEDIAN_VALUE":90,"P75_VALUE":90,"P90_VALUE":90,"MAX_VALUE":90}}
