{"PREVALENCE_BY_GENDER_AGE_YEAR":{"TRELLIS_NAME":["90-99","80-89","60-69","70-79"],"SERIES_NAME":["FEMALE","MALE","MALE","FEMALE"],"X_CALENDAR_YEAR":[2008,2008,2008,2009],"Y_PREVALENCE_1000PP":[38.46154,12.04819,13.33333,6.21118]},"PREVALENCE_BY_MONTH":{"X_CALENDAR_MONTH":"200801","Y_PREVALENCE_1000PP":2.0555},"LENGTH_OF_ERA":{"CATEGORY":"Length of era","MIN_VALUE":0,"P10_VALUE":-9999,"P25_VALUE":0,"MEDIAN_VALUE":0,"P75_VALUE":0,"P90_VALUE":0,"MAX_VALUE":0},"AGE_AT_FIRST_DIAGNOSIS":{"CATEGORY":["MALE","FEMALE"],"MIN_VALUE":[61,74],"P10_VALUE":[-9999,-9999],"P25_VALUE":[61,-9999],"MEDIAN_VALUE":[65,74],"P75_VALUE":[88,95],"P90_VALUE":[88,95],"MAX_VALUE":[88,95]}}
