{"PREVALENCE_BY_GENDER_AGE_YEAR":{"TRELLIS_NAME":["60-69","70-79","80-89","80-89","70-79","90-99","80-89","50-59","70-79","60-69","60-69","50-59","70-79","50-59","80-89","70-79","70-79"],"SERIES_NAME":["FEMALE","FEMALE","MALE","FEMALE","MALE","MALE","FEMALE","FEMALE","FEMALE","MALE","FEMALE","MALE","MALE","FEMALE","FEMALE","FEMALE","MALE"],"X_CALENDAR_YEAR":[2008,2008,2008,2008,2008,2009,2009,2009,2009,2009,2009,2009,2009,2010,2010,2010,2010],"Y_PREVALENCE_1000PP":[17.69912,6.36943,24.09639,20.54795,17.64706,71.42857,13.98601,71.42857,24.84472,8.40336,10.10101,28.57143,22.34637,71.42857,6.99301,6.49351,5.43478]},"PREVALENCE_BY_MONTH":{"X_CALENDAR_MONTH":"200901","Y_PREVALENCE_1000PP":2.08768},"LENGTH_OF_ERA":{"CATEGORY":"Length of era","MIN_VALUE":0,"P10_VALUE":0,"P25_VALUE":0,"MEDIAN_VALUE":0,"P75_VALUE":0,"P90_VALUE":0,"MAX_VALUE":3},"AGE_AT_FIRST_DIAGNOSIS":{"CATEGORY":["MALE","FEMALE"],"MIN_VALUE":[58,51],"P10_VALUE":[58,51],"P25_VALUE":[71,66],"MEDIAN_VALUE":[73,77],"P75_VALUE":[77,81],"P90_VALUE":[82,88],"MAX_VALUE":[90,88]}}
