{"PREVALENCE_BY_GENDER_AGE_YEAR":{"TRELLIS_NAME":["60-69","80-89","40-49"],"SERIES_NAME":["FEMALE","MALE","FEMALE"],"X_CALENDAR_YEAR":[2009,2009,2010],"Y_PREVALENCE_1000PP":[10.10101,11.11111,71.42857]},"PREVALENCE_BY_MONTH":{"X_CALENDAR_MONTH":[],"Y_PREVALENCE_1000PP":[]},"LENGTH_OF_ERA":{"CATEGORY":"Length of era","MIN_VALUE":0,"P10_VALUE":-9999,"P25_VALUE":0,"MEDIAN_VALUE":0,"P75_VALUE":2,"P90_VALUE":2,"MAX_VALUE":2},"AGE_AT_FIRST_DIAGNOSIS":{"CATEGORY":["MALE","FEMALE"],"MIN_VALUE":[81,42],"P10_VALUE":[-9999,-9999],"P25_VALUE":[-9999,-9999],"MEDIAN_VALUE":[81,42],"P75_VALUE":[81,68],"P90_VALUE":[81,68],"MAX_VALUE":[81,68]}}
