{"PREVALENCE_BY_GENDER_AGE_YEAR":{"TRELLIS_NAME":["90-99","40-49","80-89","70-79","60-69","90-99","60-69","70-79","70-79","80-89","60-69","70-79","70-79"],"SERIES_NAME":["FEMALE","MALE","FEMALE","MALE","MALE","FEMALE","MALE","FEMALE","MALE","FEMALE","FEMALE","MALE","FEMALE"],"X_CALENDAR_YEAR":[2008,2008,2008,2008,2008,2009,2009,2009,2009,2009,2009,2010,2010],"Y_PREVALENCE_1000PP":[38.46154,41.66667,6.84932,5.88235,13.33333,24.39024,8.40336,6.21118,5.58659,20.97902,20.20202,10.86957,6.49351]},"PREVALENCE_BY_MONTH":{"X_CALENDAR_MONTH":[],"Y_PREVALENCE_1000PP":[]},"LENGTH_OF_ERA":{"CATEGORY":"Length of era","MIN_VALUE":0,"P10_VALUE":0,"P25_VALUE":0,"MEDIAN_VALUE":0,"P75_VALUE":0,"P90_VALUE":2,"MAX_VALUE":4},"AGE_AT_FIRST_DIAGNOSIS":{"CATEGORY":["MALE","FEMALE"],"MIN_VALUE":[40,63],"P10_VALUE":[-9999,63],"P25_VALUE":[60,66],"MEDIAN_VALUE":[69,84],"P75_VALUE":[74,86],"P90_VALUE":[77,95],"MAX_VALUE":[77,99]}}
