{"PREVALENCE_BY_GENDER_AGE_YEAR":{"TRELLIS_NAME":["40-49","70-79","50-59","80-89","60-69","80-89","90-99","70-79","60-69","70-79","90-99","50-59","70-79","80-89","60-69","30-39","80-89","50-59","70-79"],"SERIES_NAME":["MALE","FEMALE","FEMALE","FEMALE","FEMALE","MALE","MALE","MALE","MALE","MALE","FEMALE","FEMALE","FEMALE","MALE","MALE","FEMALE","MALE","FEMALE","FEMALE"],"X_CALENDAR_YEAR":[2008,2008,2008,2008,2008,2008,2008,2008,2008,2009,2009,2009,2009,2009,2010,2010,2010,2010,2010],"Y_PREVALENCE_1000PP":[41.66667,6.36943,58.82353,6.84932,8.84956,36.14458,100,23.52941,13.33333,16.75978,73.17073,71.42857,6.21118,33.33333,19.80198,142.85714,11.23596,71.42857,6.49351]},"PREVALENCE_BY_MONTH":{"X_CALENDAR_MONTH":"200901","Y_PREVALENCE_1000PP":1.04384},"LENGTH_OF_ERA":{"CATEGORY":"Length of era","MIN_VALUE":0,"P10_VALUE":0,"P25_VALUE":0,"MEDIAN_VALUE":0,"P75_VALUE":0,"P90_VALUE":3,"MAX_VALUE":40},"AGE_AT_FIRST_DIAGNOSIS":{"CATEGORY":["MALE","FEMALE"],"MIN_VALUE":[40,35],"P10_VALUE":[63,35],"P25_VALUE":[69,59],"MEDIAN_VALUE":[74,78],"P75_VALUE":[84,90],"P90_VALUE":[88,92],"MAX_VALUE":[95,94]}}
