{"PREVALENCE_BY_GENDER_AGE_YEAR":{"TRELLIS_NAME":["80-89","80-89"],"SERIES_NAME":["MALE","FEMALE"],"X_CALENDAR_YEAR":[2009,2010],"Y_PREVALENCE_1000PP":[11.11111,6.99301]},"PREVALENCE_BY_MONTH":{"X_CALENDAR_MONTH":[],"Y_PREVALENCE_1000PP":[]},"LENGTH_OF_ERA":{"CATEGORY":"Length of era","MIN_VALUE":0,"P10_VALUE":-9999,"P25_VALUE":-9999,"MEDIAN_VALUE":0,"P75_VALUE":7,"P90_VALUE":7,"MAX_VALUE":7},"AGE_AT_FIRST_DIAGNOSIS":{"CATEGORY":["MALE","FEMALE"],"MIN_VALUE":[89,88],"P10_VALUE":[-9999,-9999],"P25_VALUE":[-9999,-9999],"MEDIAN_VALUE":[89,88],"P75_VALUE":[89,88],"P90_VALUE":[89,88],"MAX_VALUE":[89,88]}}
