{"PREVALENCE_BY_GENDER_AGE_YEAR":{"TRELLIS_NAME":["60-69","70-79","60-69"],"SERIES_NAME":["FEMALE","FEMALE","FEMALE"],"X_CALENDAR_YEAR":[2009,2009,2010],"Y_PREVALENCE_1000PP":[10.10101,6.21118,12.19512]},"PREVALENCE_BY_MONTH":{"X_CALENDAR_MONTH":[],"Y_PREVALENCE_1000PP":[]},"LENGTH_OF_ERA":{"CATEGORY":"Length of era","MIN_VALUE":0,"P10_VALUE":-9999,"P25_VALUE":0,"MEDIAN_VALUE":0,"P75_VALUE":0,"P90_VALUE":0,"MAX_VALUE":0},"AGE_AT_FIRST_DIAGNOSIS":{"CATEGORY":"FEMALE","MIN_VALUE":67,"P10_VALUE":-9999,"P25_VALUE":67,"MEDIAN_VALUE":69,"P75_VALUE":74,"P90_VALUE":74,"MAX_VALUE":74}}
