{"PREVALENCE_BY_GENDER_AGE_YEAR":{"TRELLIS_NAME":["80-89","40-49","50-59","70-79","60-69","70-79","70-79","90-99","30-39","80-89","50-59","50-59","90-99","60-69","60-69","40-49","70-79"],"SERIES_NAME":["FEMALE","MALE","MALE","MALE","MALE","FEMALE","MALE","FEMALE","MALE","FEMALE","MALE","MALE","FEMALE","MALE","FEMALE","FEMALE","MALE"],"X_CALENDAR_YEAR":[2008,2008,2008,2008,2009,2009,2009,2009,2009,2009,2009,2010,2010,2010,2010,2010,2010],"Y_PREVALENCE_1000PP":[6.84932,41.66667,57.14286,11.76471,8.40336,18.63354,5.58659,48.78049,166.66667,6.99301,28.57143,31.25,19.23077,9.90099,12.19512,71.42857,5.43478]},"PREVALENCE_BY_MONTH":{"X_CALENDAR_MONTH":"200801","Y_PREVALENCE_1000PP":1.02775},"LENGTH_OF_ERA":{"CATEGORY":"Length of era","MIN_VALUE":0,"P10_VALUE":0,"P25_VALUE":0,"MEDIAN_VALUE":0,"P75_VALUE":0,"P90_VALUE":0,"MAX_VALUE":3},"AGE_AT_FIRST_DIAGNOSIS":{"CATEGORY":["MALE","FEMALE"],"MIN_VALUE":[37,43],"P10_VALUE":[37,43],"P25_VALUE":[50,68],"MEDIAN_VALUE":[59,79],"P75_VALUE":[71,90],"P90_VALUE":[73,91],"MAX_VALUE":[76,95]}}
