{"PREVALENCE_BY_GENDER_AGE_YEAR":{"TRELLIS_NAME":["80-89","80-89","90-99","70-79","80-89","80-89","40-49","70-79","70-79","60-69","70-79","80-89","60-69","70-79","80-89"],"SERIES_NAME":["FEMALE","MALE","MALE","MALE","MALE","FEMALE","FEMALE","FEMALE","MALE","MALE","MALE","FEMALE","FEMALE","FEMALE","MALE"],"X_CALENDAR_YEAR":[2008,2008,2008,2008,2009,2009,2009,2009,2009,2009,2010,2010,2010,2010,2010],"Y_PREVALENCE_1000PP":[6.84932,12.04819,100,11.76471,22.22222,13.98601,71.42857,18.63354,5.58659,16.80672,5.43478,6.99301,12.19512,6.49351,33.70787]},"PREVALENCE_BY_MONTH":{"X_CALENDAR_MONTH":"201001","Y_PREVALENCE_1000PP":1.07527},"LENGTH_OF_ERA":{"CATEGORY":"Length of era","MIN_VALUE":0,"P10_VALUE":0,"P25_VALUE":0,"MEDIAN_VALUE":0,"P75_VALUE":0,"P90_VALUE":2,"MAX_VALUE":22},"AGE_AT_FIRST_DIAGNOSIS":{"CATEGORY":["MALE","FEMALE"],"MIN_VALUE":[66,49],"P10_VALUE":[66,49],"P25_VALUE":[71,68],"MEDIAN_VALUE":[80,78],"P75_VALUE":[83,82],"P90_VALUE":[87,83],"MAX_VALUE":[95,85]}}
