{"PREVALENCE_BY_GENDER_AGE_YEAR":{"TRELLIS_NAME":["60-69","80-89","50-59","70-79","90-99","30-39","70-79","60-69","20-29","40-49","60-69","80-89","70-79","60-69","70-79","60-69","50-59"],"SERIES_NAME":["FEMALE","FEMALE","MALE","FEMALE","FEMALE","MALE","FEMALE","MALE","MALE","MALE","FEMALE","MALE","FEMALE","FEMALE","MALE","MALE","FEMALE"],"X_CALENDAR_YEAR":[2008,2008,2008,2008,2009,2009,2009,2009,2009,2009,2009,2009,2010,2010,2010,2010,2010],"Y_PREVALENCE_1000PP":[17.69912,13.69863,28.57143,6.36943,24.39024,166.66667,6.21118,8.40336,142.85714,41.66667,20.20202,22.22222,12.98701,12.19512,5.43478,9.90099,71.42857]},"PREVALENCE_BY_MONTH":{"X_CALENDAR_MONTH":["200901","201001"],"Y_PREVALENCE_1000PP":[1.04384,1.07527]},"LENGTH_OF_ERA":{"CATEGORY":"Length of era","MIN_VALUE":0,"P10_VALUE":0,"P25_VALUE":0,"MEDIAN_VALUE":0,"P75_VALUE":0,"P90_VALUE":5,"MAX_VALUE":14},"AGE_AT_FIRST_DIAGNOSIS":{"CATEGORY":["MALE","FEMALE"],"MIN_VALUE":[28,57],"P10_VALUE":[28,57],"P25_VALUE":[36,62],"MEDIAN_VALUE":[66,70],"P75_VALUE":[70,77],"P90_VALUE":[85,85],"MAX_VALUE":[85,93]}}
