{"PREVALENCE_BY_GENDER_AGE_YEAR":{"TRELLIS_NAME":["70-79","80-89","60-69","60-69","70-79","40-49","80-89"],"SERIES_NAME":["MALE","FEMALE","MALE","FEMALE","FEMALE","MALE","MALE"],"X_CALENDAR_YEAR":[2008,2009,2009,2009,2010,2010,2010],"Y_PREVALENCE_1000PP":[5.88235,6.99301,8.40336,10.10101,6.49351,50,11.23596]},"PREVALENCE_BY_MONTH":{"X_CALENDAR_MONTH":"200901","Y_PREVALENCE_1000PP":1.04384},"LENGTH_OF_ERA":{"CATEGORY":"Length of era","MIN_VALUE":0,"P10_VALUE":-9999,"P25_VALUE":0,"MEDIAN_VALUE":0,"P75_VALUE":4,"P90_VALUE":5,"MAX_VALUE":5},"AGE_AT_FIRST_DIAGNOSIS":{"CATEGORY":["MALE","FEMALE"],"MIN_VALUE":[40,67],"P10_VALUE":[-9999,-9999],"P25_VALUE":[40,67],"MEDIAN_VALUE":[67,79],"P75_VALUE":[74,84],"P90_VALUE":[81,84],"MAX_VALUE":[81,84]}}
