{"PREVALENCE_BY_GENDER_AGE_YEAR":{"TRELLIS_NAME":["60-69","70-79","70-79"],"SERIES_NAME":["FEMALE","MALE","MALE"],"X_CALENDAR_YEAR":[2008,2008,2009],"Y_PREVALENCE_1000PP":[8.84956,5.88235,5.58659]},"PREVALENCE_BY_MONTH":{"X_CALENDAR_MONTH":"200801","Y_PREVALENCE_1000PP":1.02775},"LENGTH_OF_ERA":{"CATEGORY":"Length of era","MIN_VALUE":0,"P10_VALUE":-9999,"P25_VALUE":0,"MEDIAN_VALUE":0,"P75_VALUE":0,"P90_VALUE":0,"MAX_VALUE":0},"AGE_AT_FIRST_DIAGNOSIS":{"CATEGORY":["MALE","FEMALE"],"MIN_VALUE":[71,66],"P10_VALUE":[-9999,-9999],"P25_VALUE":[-9999,-9999],"MEDIAN_VALUE":[71,66],"P75_VALUE":[77,66],"P90_VALUE":[77,66],"MAX_VALUE":[77,66]}}
