{"PREVALENCE_BY_GENDER_AGE_YEAR":{"TRELLIS_NAME":["50-59","80-89","80-89","70-79","70-79","70-79","70-79","60-69","50-59","80-89","40-49","70-79","40-49","60-69"],"SERIES_NAME":["MALE","FEMALE","MALE","FEMALE","MALE","MALE","FEMALE","MALE","FEMALE","FEMALE","FEMALE","MALE","MALE","MALE"],"X_CALENDAR_YEAR":[2008,2008,2008,2008,2008,2009,2009,2009,2010,2010,2010,2010,2010,2010],"Y_PREVALENCE_1000PP":[28.57143,13.69863,12.04819,19.10828,5.88235,5.58659,12.42236,16.80672,71.42857,6.99301,71.42857,5.43478,50,9.90099]},"PREVALENCE_BY_MONTH":{"X_CALENDAR_MONTH":"200901","Y_PREVALENCE_1000PP":2.08768},"LENGTH_OF_ERA":{"CATEGORY":"Length of era","MIN_VALUE":0,"P10_VALUE":0,"P25_VALUE":0,"MEDIAN_VALUE":0,"P75_VALUE":0,"P90_VALUE":0,"MAX_VALUE":3},"AGE_AT_FIRST_DIAGNOSIS":{"CATEGORY":["MALE","FEMALE"],"MIN_VALUE":[40,48],"P10_VALUE":[40,48],"P25_VALUE":[52,50],"MEDIAN_VALUE":[69,77],"P75_VALUE":[77,81],"P90_VALUE":[87,88],"MAX_VALUE":[87,88]}}
