{"PREVALENCE_BY_GENDER_AGE_YEAR":{"TRELLIS_NAME":["70-79","60-69","80-89","60-69","90-99","70-79","60-69","80-89","40-49","90-99","70-79","60-69","50-59","80-89","70-79","80-89","40-49","70-79","60-69","80-89","30-39"],"SERIES_NAME":["FEMALE","MALE","FEMALE","FEMALE","MALE","MALE","FEMALE","FEMALE","MALE","FEMALE","MALE","MALE","MALE","MALE","MALE","FEMALE","FEMALE","FEMALE","MALE","MALE","MALE"],"X_CALENDAR_YEAR":[2008,2008,2008,2008,2008,2008,2009,2009,2009,2009,2009,2009,2009,2009,2010,2010,2010,2010,2010,2010,2010],"Y_PREVALENCE_1000PP":[25.47771,20,13.69863,17.69912,100,17.64706,20.20202,20.97902,83.33333,48.78049,5.58659,33.61345,28.57143,22.22222,5.43478,20.97902,71.42857,6.49351,19.80198,22.47191,142.85714]},"PREVALENCE_BY_MONTH":{"X_CALENDAR_MONTH":"201001","Y_PREVALENCE_1000PP":2.15054},"LENGTH_OF_ERA":{"CATEGORY":"Length of era","MIN_VALUE":0,"P10_VALUE":0,"P25_VALUE":0,"MEDIAN_VALUE":0,"P75_VALUE":0,"P90_VALUE":0,"MAX_VALUE":14},"AGE_AT_FIRST_DIAGNOSIS":{"CATEGORY":["MALE","FEMALE"],"MIN_VALUE":[36,47],"P10_VALUE":[42,60],"P25_VALUE":[65,69],"MEDIAN_VALUE":[67,79],"P75_VALUE":[76,86],"P90_VALUE":[83,90],"MAX_VALUE":[94,93]}}
