{"PREVALENCE_BY_GENDER_AGE_YEAR":{"TRELLIS_NAME":["80-89","40-49","80-89"],"SERIES_NAME":["FEMALE","MALE","MALE"],"X_CALENDAR_YEAR":[2008,2008,2010],"Y_PREVALENCE_1000PP":[6.84932,41.66667,11.23596]},"PREVALENCE_BY_MONTH":{"X_CALENDAR_MONTH":[],"Y_PREVALENCE_1000PP":[]},"LENGTH_OF_ERA":{"CATEGORY":"Length of era","MIN_VALUE":0,"P10_VALUE":-9999,"P25_VALUE":0,"MEDIAN_VALUE":0,"P75_VALUE":3,"P90_VALUE":3,"MAX_VALUE":3},"AGE_AT_FIRST_DIAGNOSIS":{"CATEGORY":["MALE","FEMALE"],"MIN_VALUE":[48,82],"P10_VALUE":[-9999,-9999],"P25_VALUE":[-9999,-9999],"MEDIAN_VALUE":[48,82],"P75_VALUE":[89,82],"P90_VALUE":[89,82],"MAX_VALUE":[89,82]}}
