{"PREVALENCE_BY_GENDER_AGE_YEAR":{"TRELLIS_NAME":["60-69","40-49","50-59","70-79","80-89","80-89","60-69","60-69"],"SERIES_NAME":["MALE","MALE","MALE","MALE","FEMALE","MALE","MALE","FEMALE"],"X_CALENDAR_YEAR":[2008,2008,2008,2008,2009,2009,2009,2010],"Y_PREVALENCE_1000PP":[13.33333,41.66667,28.57143,5.88235,13.98601,11.11111,25.21008,12.19512]},"PREVALENCE_BY_MONTH":{"X_CALENDAR_MONTH":["200801","201001"],"Y_PREVALENCE_1000PP":[1.02775,1.07527]},"LENGTH_OF_ERA":{"CATEGORY":"Length of era","MIN_VALUE":0,"P10_VALUE":0,"P25_VALUE":0,"MEDIAN_VALUE":0,"P75_VALUE":0,"P90_VALUE":0,"MAX_VALUE":0},"AGE_AT_FIRST_DIAGNOSIS":{"CATEGORY":["MALE","FEMALE"],"MIN_VALUE":[48,69],"P10_VALUE":[48,-9999],"P25_VALUE":[51,69],"MEDIAN_VALUE":[66,81],"P75_VALUE":[68,83],"P90_VALUE":[80,83],"MAX_VALUE":[80,83]}}
