{"PREVALENCE_BY_GENDER_AGE_YEAR":{"TRELLIS_NAME":["70-79","40-49","70-79","70-79","60-69","50-59","40-49","30-39","70-79","40-49"],"SERIES_NAME":["MALE","FEMALE","MALE","FEMALE","MALE","MALE","MALE","FEMALE","MALE","FEMALE"],"X_CALENDAR_YEAR":[2008,2008,2009,2009,2009,2009,2010,2010,2010,2010],"Y_PREVALENCE_1000PP":[5.88235,66.66667,5.58659,6.21118,8.40336,28.57143,50,142.85714,5.43478,71.42857]},"PREVALENCE_BY_MONTH":{"X_CALENDAR_MONTH":["200901","201001"],"Y_PREVALENCE_1000PP":[1.04384,1.07527]},"LENGTH_OF_ERA":{"CATEGORY":"Length of era","MIN_VALUE":0,"P10_VALUE":0,"P25_VALUE":0,"MEDIAN_VALUE":0,"P75_VALUE":0,"P90_VALUE":0,"MAX_VALUE":9},"AGE_AT_FIRST_DIAGNOSIS":{"CATEGORY":["MALE","FEMALE"],"MIN_VALUE":[49,38],"P10_VALUE":[-9999,-9999],"P25_VALUE":[49,38],"MEDIAN_VALUE":[69,41],"P75_VALUE":[73,47],"P90_VALUE":[77,78],"MAX_VALUE":[77,78]}}
