{"PREVALENCE_BY_GENDER_AGE_YEAR":{"TRELLIS_NAME":["40-49","80-89","70-79","60-69","60-69","60-69"],"SERIES_NAME":["MALE","FEMALE","MALE","FEMALE","FEMALE","MALE"],"X_CALENDAR_YEAR":[2008,2008,2008,2009,2010,2010],"Y_PREVALENCE_1000PP":[41.66667,13.69863,5.88235,10.10101,12.19512,9.90099]},"PREVALENCE_BY_MONTH":{"X_CALENDAR_MONTH":[],"Y_PREVALENCE_1000PP":[]},"LENGTH_OF_ERA":{"CATEGORY":"Length of era","MIN_VALUE":0,"P10_VALUE":-9999,"P25_VALUE":0,"MEDIAN_VALUE":0,"P75_VALUE":0,"P90_VALUE":2,"MAX_VALUE":2},"AGE_AT_FIRST_DIAGNOSIS":{"CATEGORY":["MALE","FEMALE"],"MIN_VALUE":[40,62],"P10_VALUE":[-9999,-9999],"P25_VALUE":[40,62],"MEDIAN_VALUE":[63,68],"P75_VALUE":[73,84],"P90_VALUE":[73,88],"MAX_VALUE":[73,88]}}
