{"PREVALENCE_BY_GENDER_AGE_YEAR":{"TRELLIS_NAME":["60-69","80-89","70-79","70-79","60-69","70-79","80-89","80-89","60-69","70-79","90-99","60-69"],"SERIES_NAME":["FEMALE","FEMALE","MALE","FEMALE","MALE","FEMALE","FEMALE","FEMALE","MALE","FEMALE","MALE","FEMALE"],"X_CALENDAR_YEAR":[2008,2008,2008,2008,2008,2009,2009,2010,2010,2010,2010,2010],"Y_PREVALENCE_1000PP":[17.69912,6.84932,11.76471,6.36943,13.33333,18.63354,6.99301,13.98601,9.90099,12.98701,45.45455,12.19512]},"PREVALENCE_BY_MONTH":{"X_CALENDAR_MONTH":"200901","Y_PREVALENCE_1000PP":1.04384},"LENGTH_OF_ERA":{"CATEGORY":"Length of era","MIN_VALUE":0,"P10_VALUE":0,"P25_VALUE":0,"MEDIAN_VALUE":0,"P75_VALUE":0,"P90_VALUE":0,"MAX_VALUE":8},"AGE_AT_FIRST_DIAGNOSIS":{"CATEGORY":["MALE","FEMALE"],"MIN_VALUE":[67,62],"P10_VALUE":[-9999,62],"P25_VALUE":[67,69],"MEDIAN_VALUE":[68,73],"P75_VALUE":[74,82],"P90_VALUE":[96,84],"MAX_VALUE":[96,85]}}
