{"PREVALENCE_BY_GENDER_AGE_YEAR":{"TRELLIS_NAME":"60-69","SERIES_NAME":"FEMALE","X_CALENDAR_YEAR":2009,"Y_PREVALENCE_1000PP":10.10101},"PREVALENCE_BY_MONTH":{"X_CALENDAR_MONTH":[],"Y_PREVALENCE_1000PP":[]},"LENGTH_OF_ERA":{"CATEGORY":"Length of era","MIN_VALUE":1,"P10_VALUE":-9999,"P25_VALUE":-9999,"MEDIAN_VALUE":1,"P75_VALUE":1,"P90_VALUE":1,"MAX_VALUE":1},"AGE_AT_FIRST_DIAGNOSIS":{"CATEGORY":"FEMALE","MIN_VALUE":67,"P10_VALUE":-9999,"P25_VALUE":-9999,"MEDIAN_VALUE":67,"P75_VALUE":67,"P90_VALUE":67,"MAX_VALUE":67}}
