{"PREVALENCE_BY_GENDER_AGE_YEAR":{"TRELLIS_NAME":["50-59","80-89","70-79","40-49","60-69","40-49","90-99","50-59","40-49","50-59","50-59","80-89","70-79","70-79"],"SERIES_NAME":["MALE","FEMALE","MALE","FEMALE","MALE","MALE","FEMALE","FEMALE","FEMALE","MALE","MALE","FEMALE","FEMALE","MALE"],"X_CALENDAR_YEAR":[2008,2008,2008,2008,2008,2009,2009,2009,2009,2009,2010,2010,2010,2010],"Y_PREVALENCE_1000PP":[28.57143,6.84932,11.76471,66.66667,13.33333,41.66667,24.39024,71.42857,71.42857,28.57143,31.25,6.99301,6.49351,10.86957]},"PREVALENCE_BY_MONTH":{"X_CALENDAR_MONTH":["200801","201001"],"Y_PREVALENCE_1000PP":[1.02775,2.15054]},"LENGTH_OF_ERA":{"CATEGORY":"Length of era","MIN_VALUE":0,"P10_VALUE":0,"P25_VALUE":0,"MEDIAN_VALUE":0,"P75_VALUE":0,"P90_VALUE":0,"MAX_VALUE":0},"AGE_AT_FIRST_DIAGNOSIS":{"CATEGORY":["MALE","FEMALE"],"MIN_VALUE":[44,44],"P10_VALUE":[44,-9999],"P25_VALUE":[54,46],"MEDIAN_VALUE":[65,70],"P75_VALUE":[74,88],"P90_VALUE":[75,90],"MAX_VALUE":[77,90]}}
