{"PREVALENCE_BY_GENDER_AGE_YEAR":{"TRELLIS_NAME":["70-79","70-79","80-89","80-89","70-79","70-79"],"SERIES_NAME":["MALE","FEMALE","FEMALE","FEMALE","FEMALE","MALE"],"X_CALENDAR_YEAR":[2008,2008,2008,2009,2009,2010],"Y_PREVALENCE_1000PP":[5.88235,12.73885,13.69863,6.99301,24.84472,10.86957]},"PREVALENCE_BY_MONTH":{"X_CALENDAR_MONTH":[],"Y_PREVALENCE_1000PP":[]},"LENGTH_OF_ERA":{"CATEGORY":"Length of era","MIN_VALUE":0,"P10_VALUE":0,"P25_VALUE":0,"MEDIAN_VALUE":0,"P75_VALUE":0,"P90_VALUE":2,"MAX_VALUE":9},"AGE_AT_FIRST_DIAGNOSIS":{"CATEGORY":["MALE","FEMALE"],"MIN_VALUE":[72,74],"P10_VALUE":[-9999,74],"P25_VALUE":[72,75],"MEDIAN_VALUE":[75,78],"P75_VALUE":[79,82],"P90_VALUE":[79,84],"MAX_VALUE":[79,84]}}
