{"PREVALENCE_BY_GENDER_AGE_YEAR":{"TRELLIS_NAME":["60-69","60-69","60-69","50-59","70-79","80-89","70-79","60-69"],"SERIES_NAME":["MALE","FEMALE","MALE","FEMALE","FEMALE","FEMALE","MALE","MALE"],"X_CALENDAR_YEAR":[2008,2009,2009,2009,2010,2010,2010,2010],"Y_PREVALENCE_1000PP":[13.33333,10.10101,8.40336,71.42857,6.49351,6.99301,5.43478,9.90099]},"PREVALENCE_BY_MONTH":{"X_CALENDAR_MONTH":["200901","201001"],"Y_PREVALENCE_1000PP":[2.08768,2.15054]},"LENGTH_OF_ERA":{"CATEGORY":"Length of era","MIN_VALUE":0,"P10_VALUE":0,"P25_VALUE":0,"MEDIAN_VALUE":0,"P75_VALUE":0,"P90_VALUE":6,"MAX_VALUE":6},"AGE_AT_FIRST_DIAGNOSIS":{"CATEGORY":["MALE","FEMALE"],"MIN_VALUE":[65,52],"P10_VALUE":[-9999,-9999],"P25_VALUE":[65,52],"MEDIAN_VALUE":[66,67],"P75_VALUE":[66,75],"P90_VALUE":[73,83],"MAX_VALUE":[73,83]}}
