{"PREVALENCE_BY_GENDER_AGE_YEAR":{"TRELLIS_NAME":["90-99","60-69","90-99"],"SERIES_NAME":["MALE","MALE","FEMALE"],"X_CALENDAR_YEAR":[2008,2009,2009],"Y_PREVALENCE_1000PP":[100,8.40336,24.39024]},"PREVALENCE_BY_MONTH":{"X_CALENDAR_MONTH":[],"Y_PREVALENCE_1000PP":[]},"LENGTH_OF_ERA":{"CATEGORY":"Length of era","MIN_VALUE":0,"P10_VALUE":-9999,"P25_VALUE":0,"MEDIAN_VALUE":0,"P75_VALUE":0,"P90_VALUE":0,"MAX_VALUE":0},"AGE_AT_FIRST_DIAGNOSIS":{"CATEGORY":["MALE","FEMALE"],"MIN_VALUE":[65,93],"P10_VALUE":[-9999,-9999],"P25_VALUE":[-9999,-9999],"MEDIAN_VALUE":[65,93],"P75_VALUE":[94,93],"P90_VALUE":[94,93],"MAX_VALUE":[94,93]}}
