{"PREVALENCE_BY_GENDER_AGE_YEAR":{"TRELLIS_NAME":["80-89","70-79","90-99","90-99","60-69","70-79","80-89","70-79","60-69"],"SERIES_NAME":["FEMALE","MALE","FEMALE","FEMALE","MALE","MALE","MALE","MALE","MALE"],"X_CALENDAR_YEAR":[2008,2008,2008,2009,2009,2009,2010,2010,2010],"Y_PREVALENCE_1000PP":[20.54795,5.88235,38.46154,48.78049,8.40336,11.17318,11.23596,5.43478,9.90099]},"PREVALENCE_BY_MONTH":{"X_CALENDAR_MONTH":"200901","Y_PREVALENCE_1000PP":2.08768},"LENGTH_OF_ERA":{"CATEGORY":"Length of era","MIN_VALUE":0,"P10_VALUE":0,"P25_VALUE":0,"MEDIAN_VALUE":0,"P75_VALUE":0,"P90_VALUE":0,"MAX_VALUE":1},"AGE_AT_FIRST_DIAGNOSIS":{"CATEGORY":["MALE","FEMALE"],"MIN_VALUE":[63,84],"P10_VALUE":[-9999,-9999],"P25_VALUE":[66,84],"MEDIAN_VALUE":[70,89],"P75_VALUE":[78,94],"P90_VALUE":[84,95],"MAX_VALUE":[84,95]}}
