{"PREVALENCE_BY_GENDER_AGE_YEAR":{"TRELLIS_NAME":["90-99","90-99","70-79","80-89","60-69","80-89","90-99","80-89"],"SERIES_NAME":["MALE","FEMALE","MALE","FEMALE","MALE","MALE","FEMALE","MALE"],"X_CALENDAR_YEAR":[2008,2009,2009,2009,2009,2009,2010,2010],"Y_PREVALENCE_1000PP":[100,24.39024,5.58659,6.99301,8.40336,11.11111,19.23077,11.23596]},"PREVALENCE_BY_MONTH":{"X_CALENDAR_MONTH":"200901","Y_PREVALENCE_1000PP":1.04384},"LENGTH_OF_ERA":{"CATEGORY":"Length of era","MIN_VALUE":0,"P10_VALUE":-9999,"P25_VALUE":0,"MEDIAN_VALUE":0,"P75_VALUE":0,"P90_VALUE":17,"MAX_VALUE":17},"AGE_AT_FIRST_DIAGNOSIS":{"CATEGORY":["MALE","FEMALE"],"MIN_VALUE":[64,86],"P10_VALUE":[-9999,-9999],"P25_VALUE":[64,86],"MEDIAN_VALUE":[83,90],"P75_VALUE":[83,97],"P90_VALUE":[94,97],"MAX_VALUE":[94,97]}}
