{"PREVALENCE_BY_GENDER_AGE_YEAR":{"TRELLIS_NAME":["70-79","90-99","50-59","60-69","70-79","70-79","80-89"],"SERIES_NAME":["FEMALE","FEMALE","FEMALE","MALE","FEMALE","MALE","MALE"],"X_CALENDAR_YEAR":[2008,2009,2009,2009,2010,2010,2010],"Y_PREVALENCE_1000PP":[12.73885,24.39024,71.42857,8.40336,6.49351,5.43478,11.23596]},"PREVALENCE_BY_MONTH":{"X_CALENDAR_MONTH":[],"Y_PREVALENCE_1000PP":[]},"LENGTH_OF_ERA":{"CATEGORY":"Length of era","MIN_VALUE":0,"P10_VALUE":-9999,"P25_VALUE":0,"MEDIAN_VALUE":0,"P75_VALUE":2,"P90_VALUE":4,"MAX_VALUE":4},"AGE_AT_FIRST_DIAGNOSIS":{"CATEGORY":["MALE","FEMALE"],"MIN_VALUE":[66,50],"P10_VALUE":[-9999,-9999],"P25_VALUE":[66,50],"MEDIAN_VALUE":[75,73],"P75_VALUE":[83,75],"P90_VALUE":[83,96],"MAX_VALUE":[83,96]}}
