{"PREVALENCE_BY_GENDER_AGE_YEAR":{"TRELLIS_NAME":["60-69","80-89","40-49","50-59","80-89","70-79","80-89","60-69","80-89","60-69","60-69","40-49","70-79","70-79","80-89","80-89"],"SERIES_NAME":["MALE","FEMALE","MALE","MALE","MALE","MALE","FEMALE","MALE","MALE","FEMALE","MALE","FEMALE","FEMALE","MALE","FEMALE","MALE"],"X_CALENDAR_YEAR":[2008,2008,2008,2008,2008,2008,2009,2009,2009,2009,2010,2010,2010,2010,2010,2010],"Y_PREVALENCE_1000PP":[6.66667,13.69863,41.66667,28.57143,24.09639,5.88235,13.98601,16.80672,11.11111,10.10101,9.90099,71.42857,6.49351,5.43478,6.99301,22.47191]},"PREVALENCE_BY_MONTH":{"X_CALENDAR_MONTH":["200801","200901","201001"],"Y_PREVALENCE_1000PP":[1.02775,2.08768,1.07527]},"LENGTH_OF_ERA":{"CATEGORY":"Length of era","MIN_VALUE":0,"P10_VALUE":0,"P25_VALUE":0,"MEDIAN_VALUE":0,"P75_VALUE":3,"P90_VALUE":19,"MAX_VALUE":20},"AGE_AT_FIRST_DIAGNOSIS":{"CATEGORY":["MALE","FEMALE"],"MIN_VALUE":[40,49],"P10_VALUE":[40,-9999],"P25_VALUE":[63,69],"MEDIAN_VALUE":[72,80],"P75_VALUE":[81,84],"P90_VALUE":[82,88],"MAX_VALUE":[84,88]}}
