{"PREVALENCE_BY_GENDER_AGE_YEAR":{"TRELLIS_NAME":["30-39","70-79","70-79","70-79","70-79","30-39","50-59","60-69"],"SERIES_NAME":["MALE","FEMALE","MALE","MALE","FEMALE","FEMALE","MALE","FEMALE"],"X_CALENDAR_YEAR":[2008,2008,2008,2009,2010,2010,2010,2010],"Y_PREVALENCE_1000PP":[100,6.36943,5.88235,5.58659,6.49351,142.85714,31.25,12.19512]},"PREVALENCE_BY_MONTH":{"X_CALENDAR_MONTH":"200801","Y_PREVALENCE_1000PP":1.02775},"LENGTH_OF_ERA":{"CATEGORY":"Length of era","MIN_VALUE":0,"P10_VALUE":-9999,"P25_VALUE":0,"MEDIAN_VALUE":0,"P75_VALUE":0,"P90_VALUE":1,"MAX_VALUE":1},"AGE_AT_FIRST_DIAGNOSIS":{"CATEGORY":["MALE","FEMALE"],"MIN_VALUE":[30,35],"P10_VALUE":[-9999,-9999],"P25_VALUE":[30,35],"MEDIAN_VALUE":[52,69],"P75_VALUE":[73,77],"P90_VALUE":[76,79],"MAX_VALUE":[76,79]}}
