{"PREVALENCE_BY_GENDER_AGE_YEAR":{"TRELLIS_NAME":["70-79","60-69","80-89","70-79","50-59","70-79","30-39","60-69","70-79","60-69","90-99","80-89","60-69","70-79"],"SERIES_NAME":["FEMALE","FEMALE","FEMALE","MALE","MALE","FEMALE","MALE","MALE","MALE","FEMALE","FEMALE","MALE","MALE","MALE"],"X_CALENDAR_YEAR":[2008,2008,2008,2008,2009,2009,2009,2009,2009,2010,2010,2010,2010,2010],"Y_PREVALENCE_1000PP":[12.73885,8.84956,6.84932,5.88235,28.57143,12.42236,166.66667,8.40336,11.17318,12.19512,19.23077,11.23596,9.90099,5.43478]},"PREVALENCE_BY_MONTH":{"X_CALENDAR_MONTH":["200901","201001"],"Y_PREVALENCE_1000PP":[2.08768,1.07527]},"LENGTH_OF_ERA":{"CATEGORY":"Length of era","MIN_VALUE":0,"P10_VALUE":0,"P25_VALUE":0,"MEDIAN_VALUE":0,"P75_VALUE":0,"P90_VALUE":0,"MAX_VALUE":0},"AGE_AT_FIRST_DIAGNOSIS":{"CATEGORY":["MALE","FEMALE"],"MIN_VALUE":[31,67],"P10_VALUE":[31,-9999],"P25_VALUE":[53,68],"MEDIAN_VALUE":[74,73],"P75_VALUE":[76,78],"P90_VALUE":[88,94],"MAX_VALUE":[88,94]}}
