{"PREVALENCE_BY_GENDER_AGE_YEAR":{"TRELLIS_NAME":["60-69","80-89","30-39","60-69","70-79","50-59","80-89","70-79","60-69"],"SERIES_NAME":["FEMALE","MALE","MALE","FEMALE","FEMALE","FEMALE","MALE","FEMALE","FEMALE"],"X_CALENDAR_YEAR":[2008,2008,2008,2009,2009,2010,2010,2010,2010],"Y_PREVALENCE_1000PP":[8.84956,12.04819,100,20.20202,6.21118,71.42857,11.23596,6.49351,12.19512]},"PREVALENCE_BY_MONTH":{"X_CALENDAR_MONTH":[],"Y_PREVALENCE_1000PP":[]},"LENGTH_OF_ERA":{"CATEGORY":"Length of era","MIN_VALUE":0,"P10_VALUE":0,"P25_VALUE":0,"MEDIAN_VALUE":0,"P75_VALUE":0,"P90_VALUE":0,"MAX_VALUE":1},"AGE_AT_FIRST_DIAGNOSIS":{"CATEGORY":["MALE","FEMALE"],"MIN_VALUE":[30,57],"P10_VALUE":[-9999,-9999],"P25_VALUE":[30,66],"MEDIAN_VALUE":[80,67],"P75_VALUE":[84,73],"P90_VALUE":[84,76],"MAX_VALUE":[84,76]}}
