{"PREVALENCE_BY_GENDER_AGE_YEAR":{"TRELLIS_NAME":["70-79","60-69","70-79","60-69"],"SERIES_NAME":["MALE","MALE","MALE","MALE"],"X_CALENDAR_YEAR":[2008,2008,2009,2009],"Y_PREVALENCE_1000PP":[11.76471,6.66667,5.58659,8.40336]},"PREVALENCE_BY_MONTH":{"X_CALENDAR_MONTH":[],"Y_PREVALENCE_1000PP":[]},"LENGTH_OF_ERA":{"CATEGORY":"Length of era","MIN_VALUE":0,"P10_VALUE":-9999,"P25_VALUE":0,"MEDIAN_VALUE":0,"P75_VALUE":0,"P90_VALUE":6,"MAX_VALUE":6},"AGE_AT_FIRST_DIAGNOSIS":{"CATEGORY":"MALE","MIN_VALUE":69,"P10_VALUE":-9999,"P25_VALUE":69,"MEDIAN_VALUE":74,"P75_VALUE":76,"P90_VALUE":79,"MAX_VALUE":79}}
