{"PREVALENCE_BY_GENDER_AGE_YEAR":{"TRELLIS_NAME":["80-89","60-69","80-89","70-79","80-89","70-79"],"SERIES_NAME":["MALE","MALE","FEMALE","FEMALE","MALE","MALE"],"X_CALENDAR_YEAR":[2008,2008,2009,2009,2010,2010],"Y_PREVALENCE_1000PP":[12.04819,6.66667,6.99301,12.42236,22.47191,5.43478]},"PREVALENCE_BY_MONTH":{"X_CALENDAR_MONTH":["200901","201001"],"Y_PREVALENCE_1000PP":[1.04384,1.07527]},"LENGTH_OF_ERA":{"CATEGORY":"Length of era","MIN_VALUE":0,"P10_VALUE":-9999,"P25_VALUE":0,"MEDIAN_VALUE":0,"P75_VALUE":0,"P90_VALUE":0,"MAX_VALUE":0},"AGE_AT_FIRST_DIAGNOSIS":{"CATEGORY":["MALE","FEMALE"],"MIN_VALUE":[67,70],"P10_VALUE":[-9999,-9999],"P25_VALUE":[67,70],"MEDIAN_VALUE":[74,76],"P75_VALUE":[82,85],"P90_VALUE":[88,85],"MAX_VALUE":[88,85]}}
