{"PREVALENCE_BY_GENDER_AGE_YEAR":{"TRELLIS_NAME":"70-79","SERIES_NAME":"MALE","X_CALENDAR_YEAR":2008,"Y_PREVALENCE_1000PP":5.88235},"PREVALENCE_BY_MONTH":{"X_CALENDAR_MONTH":[],"Y_PREVALENCE_1000PP":[]},"LENGTH_OF_ERA":{"CATEGORY":"Length of era","MIN_VALUE":5,"P10_VALUE":-9999,"P25_VALUE":-9999,"MEDIAN_VALUE":5,"P75_VALUE":5,"P90_VALUE":5,"MAX_VALUE":5},"AGE_AT_FIRST_DIAGNOSIS":{"CATEGORY":"MALE","MIN_VALUE":71,"P10_VALUE":-9999,"P25_VALUE":-9999,"MEDIAN_VALUE":71,"P75_VALUE":71,"P90_VALUE":71,"MAX_VALUE":71}}
