{"PREVALENCE_BY_GENDER_AGE_YEAR":{"TRELLIS_NAME":["80-89","60-69","60-69"],"SERIES_NAME":["FEMALE","MALE","FEMALE"],"X_CALENDAR_YEAR":[2008,2009,2010],"Y_PREVALENCE_1000PP":[6.84932,8.40336,12.19512]},"PREVALENCE_BY_MONTH":{"X_CALENDAR_MONTH":[],"Y_PREVALENCE_1000PP":[]},"LENGTH_OF_ERA":{"CATEGORY":"Length of era","MIN_VALUE":0,"P10_VALUE":-9999,"P25_VALUE":0,"MEDIAN_VALUE":0,"P75_VALUE":0,"P90_VALUE":0,"MAX_VALUE":0},"AGE_AT_FIRST_DIAGNOSIS":{"CATEGORY":["MALE","FEMALE"],"MIN_VALUE":[64,68],"P10_VALUE":[-9999,-9999],"P25_VALUE":[-9999,-9999],"MEDIAN_VALUE":[64,68],"P75_VALUE":[64,85],"P90_VALUE":[64,85],"MAX_VALUE":[64,85]}}
