{"PREVALENCE_BY_GENDER_AGE_YEAR":{"TRELLIS_NAME":["60-69","70-79","70-79","80-89","60-69","60-69","80-89","80-89","70-79","70-79","50-59","70-79","90-99","80-89","60-69","70-79"],"SERIES_NAME":["FEMALE","FEMALE","MALE","FEMALE","MALE","MALE","FEMALE","MALE","FEMALE","MALE","FEMALE","FEMALE","MALE","MALE","FEMALE","MALE"],"X_CALENDAR_YEAR":[2008,2008,2008,2008,2008,2009,2009,2009,2009,2009,2009,2010,2010,2010,2010,2010],"Y_PREVALENCE_1000PP":[44.24779,6.36943,11.76471,13.69863,6.66667,8.40336,27.97203,22.22222,18.63354,22.34637,142.85714,12.98701,45.45455,11.23596,12.19512,16.30435]},"PREVALENCE_BY_MONTH":{"X_CALENDAR_MONTH":["200801","200901"],"Y_PREVALENCE_1000PP":[1.02775,2.08768]},"LENGTH_OF_ERA":{"CATEGORY":"Length of era","MIN_VALUE":0,"P10_VALUE":0,"P25_VALUE":0,"MEDIAN_VALUE":0,"P75_VALUE":0,"P90_VALUE":7,"MAX_VALUE":20},"AGE_AT_FIRST_DIAGNOSIS":{"CATEGORY":["MALE","FEMALE"],"MIN_VALUE":[65,56],"P10_VALUE":[65,56],"P25_VALUE":[70,67],"MEDIAN_VALUE":[75,73],"P75_VALUE":[80,80],"P90_VALUE":[83,84],"MAX_VALUE":[91,86]}}
