{"PREVALENCE_BY_GENDER_AGE_YEAR":{"TRELLIS_NAME":["60-69","50-59","80-89","70-79","80-89","90-99"],"SERIES_NAME":["FEMALE","MALE","MALE","MALE","MALE","FEMALE"],"X_CALENDAR_YEAR":[2008,2008,2008,2008,2009,2010],"Y_PREVALENCE_1000PP":[8.84956,28.57143,12.04819,11.76471,11.11111,19.23077]},"PREVALENCE_BY_MONTH":{"X_CALENDAR_MONTH":[],"Y_PREVALENCE_1000PP":[]},"LENGTH_OF_ERA":{"CATEGORY":"Length of era","MIN_VALUE":0,"P10_VALUE":-9999,"P25_VALUE":0,"MEDIAN_VALUE":0,"P75_VALUE":0,"P90_VALUE":0,"MAX_VALUE":0},"AGE_AT_FIRST_DIAGNOSIS":{"CATEGORY":["MALE","FEMALE"],"MIN_VALUE":[52,66],"P10_VALUE":[-9999,-9999],"P25_VALUE":[52,-9999],"MEDIAN_VALUE":[77,66],"P75_VALUE":[82,90],"P90_VALUE":[88,90],"MAX_VALUE":[88,90]}}
