{"PREVALENCE_BY_GENDER_AGE_YEAR":{"TRELLIS_NAME":["90-99","60-69","40-49","80-89","70-79"],"SERIES_NAME":["FEMALE","MALE","FEMALE","MALE","FEMALE"],"X_CALENDAR_YEAR":[2008,2008,2008,2009,2010],"Y_PREVALENCE_1000PP":[38.46154,6.66667,66.66667,11.11111,6.49351]},"PREVALENCE_BY_MONTH":{"X_CALENDAR_MONTH":[],"Y_PREVALENCE_1000PP":[]},"LENGTH_OF_ERA":{"CATEGORY":"Length of era","MIN_VALUE":0,"P10_VALUE":-9999,"P25_VALUE":0,"MEDIAN_VALUE":0,"P75_VALUE":0,"P90_VALUE":0,"MAX_VALUE":0},"AGE_AT_FIRST_DIAGNOSIS":{"CATEGORY":["MALE","FEMALE"],"MIN_VALUE":[63,45],"P10_VALUE":[-9999,-9999],"P25_VALUE":[-9999,45],"MEDIAN_VALUE":[63,76],"P75_VALUE":[80,94],"P90_VALUE":[80,94],"MAX_VALUE":[80,94]}}
