{"PREVALENCE_BY_GENDER_AGE_YEAR":{"TRELLIS_NAME":["60-69","80-89"],"SERIES_NAME":["MALE","MALE"],"X_CALENDAR_YEAR":[2008,2009],"Y_PREVALENCE_1000PP":[6.66667,11.11111]},"PREVALENCE_BY_MONTH":{"X_CALENDAR_MONTH":[],"Y_PREVALENCE_1000PP":[]},"LENGTH_OF_ERA":{"CATEGORY":"Length of era","MIN_VALUE":1,"P10_VALUE":-9999,"P25_VALUE":-9999,"MEDIAN_VALUE":1,"P75_VALUE":20,"P90_VALUE":20,"MAX_VALUE":20},"AGE_AT_FIRST_DIAGNOSIS":{"CATEGORY":"MALE","MIN_VALUE":61,"P10_VALUE":-9999,"P25_VALUE":-9999,"MEDIAN_VALUE":61,"P75_VALUE":82,"P90_VALUE":82,"MAX_VALUE":82}}
