{"PREVALENCE_BY_GENDER_AGE_YEAR":{"TRELLIS_NAME":["70-79","40-49","80-89","70-79","80-89","80-89","70-79","60-69"],"SERIES_NAME":["FEMALE","FEMALE","FEMALE","FEMALE","MALE","FEMALE","FEMALE","FEMALE"],"X_CALENDAR_YEAR":[2008,2008,2008,2009,2009,2009,2010,2010],"Y_PREVALENCE_1000PP":[6.36943,66.66667,13.69863,6.21118,11.11111,6.99301,6.49351,12.19512]},"PREVALENCE_BY_MONTH":{"X_CALENDAR_MONTH":[],"Y_PREVALENCE_1000PP":[]},"LENGTH_OF_ERA":{"CATEGORY":"Length of era","MIN_VALUE":0,"P10_VALUE":0,"P25_VALUE":0,"MEDIAN_VALUE":0,"P75_VALUE":0,"P90_VALUE":0,"MAX_VALUE":0},"AGE_AT_FIRST_DIAGNOSIS":{"CATEGORY":["MALE","FEMALE"],"MIN_VALUE":[83,48],"P10_VALUE":[-9999,-9999],"P25_VALUE":[-9999,69],"MEDIAN_VALUE":[83,75],"P75_VALUE":[83,81],"P90_VALUE":[83,85],"MAX_VALUE":[83,85]}}
