{"PREVALENCE_BY_GENDER_AGE_YEAR":{"TRELLIS_NAME":["80-89","60-69","70-79","80-89","70-79","40-49","60-69","40-49","60-69","70-79","30-39","80-89","70-79","90-99","50-59","50-59","70-79","90-99","60-69","80-89","80-89","90-99","60-69","70-79"],"SERIES_NAME":["FEMALE","FEMALE","FEMALE","MALE","MALE","FEMALE","MALE","MALE","MALE","FEMALE","FEMALE","FEMALE","MALE","FEMALE","FEMALE","MALE","FEMALE","FEMALE","MALE","FEMALE","MALE","MALE","FEMALE","MALE"],"X_CALENDAR_YEAR":[2008,2008,2008,2008,2008,2008,2008,2008,2009,2009,2009,2009,2009,2009,2009,2009,2010,2010,2010,2010,2010,2010,2010,2010],"Y_PREVALENCE_1000PP":[6.84932,17.69912,6.36943,12.04819,11.76471,66.66667,13.33333,41.66667,33.61345,18.63354,125,13.98601,11.17318,24.39024,71.42857,57.14286,6.49351,38.46154,9.90099,6.99301,33.70787,45.45455,24.39024,21.73913]},"PREVALENCE_BY_MONTH":{"X_CALENDAR_MONTH":["200901","201001"],"Y_PREVALENCE_1000PP":[2.08768,1.07527]},"LENGTH_OF_ERA":{"CATEGORY":"Length of era","MIN_VALUE":0,"P10_VALUE":0,"P25_VALUE":0,"MEDIAN_VALUE":0,"P75_VALUE":0,"P90_VALUE":6,"MAX_VALUE":20},"AGE_AT_FIRST_DIAGNOSIS":{"CATEGORY":["MALE","FEMALE"],"MIN_VALUE":[40,37],"P10_VALUE":[57,37],"P25_VALUE":[61,61],"MEDIAN_VALUE":[72,75],"P75_VALUE":[79,85],"P90_VALUE":[86,93],"MAX_VALUE":[96,94]}}
