{"PREVALENCE_BY_GENDER_AGE_YEAR":{"TRELLIS_NAME":["70-79","60-69","80-89","60-69","70-79","70-79","50-59","80-89","90-99","70-79"],"SERIES_NAME":["FEMALE","MALE","FEMALE","FEMALE","MALE","FEMALE","FEMALE","FEMALE","MALE","MALE"],"X_CALENDAR_YEAR":[2008,2008,2008,2009,2009,2009,2009,2009,2009,2010],"Y_PREVALENCE_1000PP":[6.36943,13.33333,6.84932,10.10101,16.75978,6.21118,71.42857,6.99301,71.42857,5.43478]},"PREVALENCE_BY_MONTH":{"X_CALENDAR_MONTH":["200901","201001"],"Y_PREVALENCE_1000PP":[2.08768,1.07527]},"LENGTH_OF_ERA":{"CATEGORY":"Length of era","MIN_VALUE":0,"P10_VALUE":0,"P25_VALUE":0,"MEDIAN_VALUE":0,"P75_VALUE":0,"P90_VALUE":0,"MAX_VALUE":11},"AGE_AT_FIRST_DIAGNOSIS":{"CATEGORY":["MALE","FEMALE"],"MIN_VALUE":[65,50],"P10_VALUE":[-9999,-9999],"P25_VALUE":[68,50],"MEDIAN_VALUE":[72,71],"P75_VALUE":[77,85],"P90_VALUE":[95,88],"MAX_VALUE":[95,88]}}
