{"PREVALENCE_BY_GENDER_AGE_YEAR":{"TRELLIS_NAME":["60-69","70-79","50-59","80-89","80-89","90-99","40-49","60-69","90-99","60-69","80-89","40-49","70-79","80-89","80-89","90-99","80-89","70-79"],"SERIES_NAME":["MALE","FEMALE","MALE","FEMALE","MALE","MALE","FEMALE","FEMALE","FEMALE","MALE","FEMALE","MALE","FEMALE","MALE","FEMALE","FEMALE","MALE","FEMALE"],"X_CALENDAR_YEAR":[2008,2008,2008,2008,2008,2008,2008,2009,2009,2009,2009,2009,2009,2009,2010,2010,2010,2010],"Y_PREVALENCE_1000PP":[6.66667,6.36943,28.57143,13.69863,12.04819,100,66.66667,40.40404,24.39024,8.40336,6.99301,41.66667,6.21118,11.11111,6.99301,19.23077,11.23596,19.48052]},"PREVALENCE_BY_MONTH":{"X_CALENDAR_MONTH":"201001","Y_PREVALENCE_1000PP":1.07527},"LENGTH_OF_ERA":{"CATEGORY":"Length of era","MIN_VALUE":0,"P10_VALUE":0,"P25_VALUE":0,"MEDIAN_VALUE":0,"P75_VALUE":0,"P90_VALUE":0,"MAX_VALUE":9},"AGE_AT_FIRST_DIAGNOSIS":{"CATEGORY":["MALE","FEMALE"],"MIN_VALUE":[43,45],"P10_VALUE":[-9999,45],"P25_VALUE":[55,67],"MEDIAN_VALUE":[66,72],"P75_VALUE":[83,81],"P90_VALUE":[95,89],"MAX_VALUE":[95,90]}}
