{"PREVALENCE_BY_GENDER_AGE_YEAR":{"TRELLIS_NAME":["60-69","90-99","50-59","80-89","60-69","70-79","80-89","70-79","70-79","60-69","80-89","70-79","60-69","80-89","50-59","50-59","90-99","70-79","80-89","70-79","60-69","60-69","40-49"],"SERIES_NAME":["MALE","FEMALE","FEMALE","FEMALE","FEMALE","FEMALE","MALE","MALE","FEMALE","MALE","FEMALE","MALE","FEMALE","MALE","MALE","MALE","FEMALE","FEMALE","FEMALE","MALE","MALE","FEMALE","MALE"],"X_CALENDAR_YEAR":[2008,2008,2008,2008,2008,2008,2008,2008,2009,2009,2009,2009,2009,2009,2009,2010,2010,2010,2010,2010,2010,2010,2010],"Y_PREVALENCE_1000PP":[20,38.46154,117.64706,27.39726,17.69912,12.73885,12.04819,29.41176,24.84472,33.61345,41.95804,16.75978,40.40404,22.22222,28.57143,31.25,38.46154,25.97403,41.95804,10.86957,9.90099,24.39024,50]},"PREVALENCE_BY_MONTH":{"X_CALENDAR_MONTH":["200901","201001"],"Y_PREVALENCE_1000PP":[2.08768,3.22581]},"LENGTH_OF_ERA":{"CATEGORY":"Length of era","MIN_VALUE":0,"P10_VALUE":0,"P25_VALUE":0,"MEDIAN_VALUE":0,"P75_VALUE":0,"P90_VALUE":0,"MAX_VALUE":9},"AGE_AT_FIRST_DIAGNOSIS":{"CATEGORY":["MALE","FEMALE"],"MIN_VALUE":[40,55],"P10_VALUE":[53,64],"P25_VALUE":[66,69],"MEDIAN_VALUE":[70,80],"P75_VALUE":[77,84],"P90_VALUE":[81,89],"MAX_VALUE":[86,92]}}
