{"PREVALENCE_BY_GENDER_AGE_YEAR":{"TRELLIS_NAME":"40-49","SERIES_NAME":"MALE","X_CALENDAR_YEAR":2008,"Y_PREVALENCE_1000PP":41.66667},"PREVALENCE_BY_MONTH":{"X_CALENDAR_MONTH":[],"Y_PREVALENCE_1000PP":[]},"LENGTH_OF_ERA":{"CATEGORY":"Length of era","MIN_VALUE":1,"P10_VALUE":-9999,"P25_VALUE":-9999,"MEDIAN_VALUE":1,"P75_VALUE":1,"P90_VALUE":1,"MAX_VALUE":1},"AGE_AT_FIRST_DIAGNOSIS":{"CATEGORY":"MALE","MIN_VALUE":41,"P10_VALUE":-9999,"P25_VALUE":-9999,"MEDIAN_VALUE":41,"P75_VALUE":41,"P90_VALUE":41,"MAX_VALUE":41}}
