{"PREVALENCE_BY_GENDER_AGE_YEAR":{"TRELLIS_NAME":["60-69","70-79","70-79","60-69","80-89","40-49","50-59","70-79","60-69","70-79","80-89","80-89"],"SERIES_NAME":["FEMALE","FEMALE","FEMALE","MALE","FEMALE","FEMALE","MALE","MALE","FEMALE","FEMALE","FEMALE","MALE"],"X_CALENDAR_YEAR":[2008,2008,2009,2009,2009,2009,2009,2009,2009,2010,2010,2010],"Y_PREVALENCE_1000PP":[8.84956,19.10828,12.42236,8.40336,6.99301,71.42857,28.57143,5.58659,10.10101,6.49351,6.99301,11.23596]},"PREVALENCE_BY_MONTH":{"X_CALENDAR_MONTH":["200801","200901"],"Y_PREVALENCE_1000PP":[1.02775,1.04384]},"LENGTH_OF_ERA":{"CATEGORY":"Length of era","MIN_VALUE":0,"P10_VALUE":0,"P25_VALUE":0,"MEDIAN_VALUE":0,"P75_VALUE":0,"P90_VALUE":0,"MAX_VALUE":0},"AGE_AT_FIRST_DIAGNOSIS":{"CATEGORY":["MALE","FEMALE"],"MIN_VALUE":[54,43],"P10_VALUE":[-9999,43],"P25_VALUE":[54,66],"MEDIAN_VALUE":[68,75],"P75_VALUE":[73,79],"P90_VALUE":[88,84],"MAX_VALUE":[88,85]}}
