{"PREVALENCE_BY_GENDER_AGE_YEAR":{"TRELLIS_NAME":["70-79","70-79","80-89","70-79","70-79","60-69","60-69","60-69","80-89"],"SERIES_NAME":["FEMALE","MALE","FEMALE","FEMALE","MALE","FEMALE","MALE","FEMALE","FEMALE"],"X_CALENDAR_YEAR":[2008,2008,2008,2009,2009,2009,2009,2010,2010],"Y_PREVALENCE_1000PP":[6.36943,5.88235,6.84932,6.21118,5.58659,10.10101,16.80672,12.19512,6.99301]},"PREVALENCE_BY_MONTH":{"X_CALENDAR_MONTH":[],"Y_PREVALENCE_1000PP":[]},"LENGTH_OF_ERA":{"CATEGORY":"Length of era","MIN_VALUE":0,"P10_VALUE":0,"P25_VALUE":0,"MEDIAN_VALUE":0,"P75_VALUE":0,"P90_VALUE":0,"MAX_VALUE":0},"AGE_AT_FIRST_DIAGNOSIS":{"CATEGORY":["MALE","FEMALE"],"MIN_VALUE":[67,66],"P10_VALUE":[-9999,-9999],"P25_VALUE":[67,66],"MEDIAN_VALUE":[69,74],"P75_VALUE":[70,82],"P90_VALUE":[76,89],"MAX_VALUE":[76,89]}}
