{"PREVALENCE_BY_GENDER_AGE_YEAR":{"TRELLIS_NAME":["70-79","50-59","80-89","60-69","50-59","80-89","70-79","60-69","50-59","70-79","70-79","80-89","80-89","90-99","60-69","70-79","80-89","80-89","90-99"],"SERIES_NAME":["FEMALE","FEMALE","FEMALE","FEMALE","MALE","MALE","MALE","MALE","MALE","FEMALE","MALE","FEMALE","MALE","FEMALE","FEMALE","FEMALE","FEMALE","MALE","FEMALE"],"X_CALENDAR_YEAR":[2008,2008,2008,2008,2008,2008,2008,2008,2009,2009,2009,2009,2009,2009,2009,2010,2010,2010,2010],"Y_PREVALENCE_1000PP":[25.47771,58.82353,34.24658,8.84956,28.57143,24.09639,17.64706,6.66667,28.57143,18.63354,11.17318,6.99301,22.22222,24.39024,30.30303,6.49351,13.98601,11.23596,19.23077]},"PREVALENCE_BY_MONTH":{"X_CALENDAR_MONTH":"200801","Y_PREVALENCE_1000PP":1.02775},"LENGTH_OF_ERA":{"CATEGORY":"Length of era","MIN_VALUE":0,"P10_VALUE":0,"P25_VALUE":0,"MEDIAN_VALUE":0,"P75_VALUE":0,"P90_VALUE":4,"MAX_VALUE":9},"AGE_AT_FIRST_DIAGNOSIS":{"CATEGORY":["MALE","FEMALE"],"MIN_VALUE":[51,55],"P10_VALUE":[51,66],"P25_VALUE":[65,70],"MEDIAN_VALUE":[77,79],"P75_VALUE":[82,87],"P90_VALUE":[85,88],"MAX_VALUE":[89,96]}}
