{"PREVALENCE_BY_GENDER_AGE_YEAR":{"TRELLIS_NAME":["60-69","70-79","60-69","70-79","70-79","90-99"],"SERIES_NAME":["FEMALE","FEMALE","FEMALE","MALE","MALE","MALE"],"X_CALENDAR_YEAR":[2008,2009,2009,2009,2010,2010],"Y_PREVALENCE_1000PP":[8.84956,6.21118,10.10101,11.17318,5.43478,45.45455]},"PREVALENCE_BY_MONTH":{"X_CALENDAR_MONTH":[],"Y_PREVALENCE_1000PP":[]},"LENGTH_OF_ERA":{"CATEGORY":"Length of era","MIN_VALUE":0,"P10_VALUE":-9999,"P25_VALUE":0,"MEDIAN_VALUE":0,"P75_VALUE":0,"P90_VALUE":0,"MAX_VALUE":0},"AGE_AT_FIRST_DIAGNOSIS":{"CATEGORY":["MALE","FEMALE"],"MIN_VALUE":[75,67],"P10_VALUE":[-9999,-9999],"P25_VALUE":[75,67],"MEDIAN_VALUE":[77,68],"P75_VALUE":[77,74],"P90_VALUE":[90,74],"MAX_VALUE":[90,74]}}
