{"PREVALENCE_BY_GENDER_AGE_YEAR":{"TRELLIS_NAME":["50-59","60-69","80-89","70-79","80-89","70-79","70-79","60-69","30-39","70-79","60-69","70-79"],"SERIES_NAME":["FEMALE","FEMALE","MALE","MALE","FEMALE","MALE","FEMALE","FEMALE","MALE","MALE","FEMALE","FEMALE"],"X_CALENDAR_YEAR":[2008,2008,2008,2008,2009,2009,2009,2009,2010,2010,2010,2010],"Y_PREVALENCE_1000PP":[58.82353,8.84956,12.04819,5.88235,6.99301,11.17318,6.21118,10.10101,142.85714,5.43478,12.19512,6.49351]},"PREVALENCE_BY_MONTH":{"X_CALENDAR_MONTH":"200901","Y_PREVALENCE_1000PP":1.04384},"LENGTH_OF_ERA":{"CATEGORY":"Length of era","MIN_VALUE":0,"P10_VALUE":0,"P25_VALUE":0,"MEDIAN_VALUE":0,"P75_VALUE":0,"P90_VALUE":0,"MAX_VALUE":0},"AGE_AT_FIRST_DIAGNOSIS":{"CATEGORY":["MALE","FEMALE"],"MIN_VALUE":[36,59],"P10_VALUE":[-9999,-9999],"P25_VALUE":[36,66],"MEDIAN_VALUE":[71,68],"P75_VALUE":[74,76],"P90_VALUE":[81,85],"MAX_VALUE":[81,85]}}
