{"PREVALENCE_BY_GENDER_AGE_YEAR":{"TRELLIS_NAME":["50-59","70-79","80-89","90-99","60-69","80-89","70-79","60-69","90-99","50-59","80-89","40-49","60-69","40-49","60-69","70-79","70-79","90-99","80-89","70-79","60-69","90-99","80-89"],"SERIES_NAME":["MALE","FEMALE","MALE","FEMALE","FEMALE","FEMALE","MALE","MALE","FEMALE","FEMALE","FEMALE","MALE","FEMALE","FEMALE","MALE","MALE","MALE","FEMALE","MALE","FEMALE","MALE","MALE","FEMALE"],"X_CALENDAR_YEAR":[2008,2008,2008,2008,2008,2008,2008,2008,2009,2009,2009,2009,2009,2009,2009,2009,2010,2010,2010,2010,2010,2010,2010],"Y_PREVALENCE_1000PP":[28.57143,19.10828,12.04819,76.92308,26.54867,20.54795,23.52941,26.66667,24.39024,71.42857,20.97902,41.66667,30.30303,142.85714,33.61345,11.17318,16.30435,38.46154,33.70787,38.96104,19.80198,45.45455,13.98601]},"PREVALENCE_BY_MONTH":{"X_CALENDAR_MONTH":["200901","201001"],"Y_PREVALENCE_1000PP":[1.04384,5.37634]},"LENGTH_OF_ERA":{"CATEGORY":"Length of era","MIN_VALUE":0,"P10_VALUE":0,"P25_VALUE":0,"MEDIAN_VALUE":0,"P75_VALUE":0,"P90_VALUE":3,"MAX_VALUE":29},"AGE_AT_FIRST_DIAGNOSIS":{"CATEGORY":["MALE","FEMALE"],"MIN_VALUE":[46,42],"P10_VALUE":[52,46],"P25_VALUE":[66,68],"MEDIAN_VALUE":[70,75],"P75_VALUE":[75,84],"P90_VALUE":[86,92],"MAX_VALUE":[91,97]}}
