{"PREVALENCE_BY_GENDER_AGE_YEAR":{"TRELLIS_NAME":["80-89","70-79","70-79","90-99","80-89","70-79","80-89","70-79","70-79","50-59"],"SERIES_NAME":["FEMALE","MALE","MALE","FEMALE","MALE","FEMALE","FEMALE","MALE","FEMALE","FEMALE"],"X_CALENDAR_YEAR":[2008,2008,2009,2009,2009,2009,2009,2010,2010,2010],"Y_PREVALENCE_1000PP":[6.84932,11.76471,5.58659,24.39024,33.33333,12.42236,6.99301,10.86957,6.49351,142.85714]},"PREVALENCE_BY_MONTH":{"X_CALENDAR_MONTH":"200801","Y_PREVALENCE_1000PP":1.02775},"LENGTH_OF_ERA":{"CATEGORY":"Length of era","MIN_VALUE":0,"P10_VALUE":0,"P25_VALUE":0,"MEDIAN_VALUE":0,"P75_VALUE":3,"P90_VALUE":5,"MAX_VALUE":9},"AGE_AT_FIRST_DIAGNOSIS":{"CATEGORY":["MALE","FEMALE"],"MIN_VALUE":[71,50],"P10_VALUE":[-9999,-9999],"P25_VALUE":[72,51],"MEDIAN_VALUE":[76,76],"P75_VALUE":[84,84],"P90_VALUE":[87,93],"MAX_VALUE":[87,93]}}
